project_name,obs_id,samp_site,arms_unit_id,latitude,longitude,geo_loc_name,loc_broad_ocean,loc_broad_ocean_mrgid,loc_regional,loc_regional_mrgid,loc_loc,loc_loc_mrgid,env_broad_biome,env_local,env_package,tot_depth_water_col,organization,organization_country,organization_edmoid,extra_site_info,ha_id,contact_name,contact_email,contact_orcid,ENA_accession_number_umbrella,ENA_accession_number_project,data_owner,data_owner_edmoid,data_contact_email
EMOBON,BPNS,CPOWER,CPOWERA,51.579833,2.9955,Belgium,North Atlantic Ocean,1912,North Sea,2350,Belgian part of the North Sea,26567,marine biome [ENVO:00000447];marine benthic biome[ENVO:01000024];marine reef biome [ENVO:01000029];marine subtidal rocky reef biome [ENVO:01000050],artificial reef [ENVO:00000149],miscellaneous natural or artificial environment,26,Flanders Marine Institute (VLIZ),Belgium,422,Offshore Wind Farm,BPNS Ha,Klaas Deneudt,klaas.deneudt@vliz.be,0000-0002-8559-3508,PRJEB51688; PRJEB72316,PRJEB37757,"European Marine Biological Resource Centre
",5669,emobon@embrc.eu
EMOBON,BPNS,CPOWER,CPOWERB,51.579833,2.9955,Belgium,North Atlantic Ocean,1912,North Sea,2350,Belgian part of the North Sea,26567,marine biome [ENVO:00000447];marine benthic biome[ENVO:01000024];marine reef biome [ENVO:01000029];marine subtidal rocky reef biome [ENVO:01000050],artificial reef [ENVO:00000149],miscellaneous natural or artificial environment,26,Flanders Marine Institute (VLIZ),Belgium,422,Offshore Wind Farm,BPNS Ha,Klaas Deneudt,klaas.deneudt@vliz.be,0000-0002-8559-3508,PRJEB51688; PRJEB72316,PRJEB37757,"European Marine Biological Resource Centre
",5669,emobon@embrc.eu
EMOBON,BPNS,CPOWER,CPOWERC,51.579833,2.9955,Belgium,North Atlantic Ocean,1912,North Sea,2350,Belgian part of the North Sea,26567,marine biome [ENVO:00000447];marine benthic biome[ENVO:01000024];marine reef biome [ENVO:01000029];marine subtidal rocky reef biome [ENVO:01000050],artificial reef [ENVO:00000149],miscellaneous natural or artificial environment,26,Flanders Marine Institute (VLIZ),Belgium,422,Offshore Wind Farm,BPNS Ha,Klaas Deneudt,klaas.deneudt@vliz.be,0000-0002-8559-3508,PRJEB51688; PRJEB72316,PRJEB37757,"European Marine Biological Resource Centre
",5669,emobon@embrc.eu
EMOBON,BPNS,Coastbusters,CoastbustersB,51.11529044,2.57995513,Belgium,North Atlantic Ocean,1912,North Sea,2350,Belgian part of the North Sea,26567,marine biome [ENVO:00000447];marine benthic biome[ENVO:01000024];marine reef biome [ENVO:01000029];marine subtidal rocky reef biome [ENVO:01000050],artificial reef [ENVO:00000149],miscellaneous natural or artificial environment,9,Flanders Marine Institute (VLIZ),Belgium,422,artificial hard substrate ,BPNS Ha,Klaas Deneudt,klaas.deneudt@vliz.be,0000-0002-8559-3508,PRJEB51688; PRJEB72316,PRJEB37757,"European Marine Biological Resource Centre
",5669,emobon@embrc.eu
EMOBON,BPNS,BLA,BLAA,55.579833,-2.9955,UK,Pacific,1912,North Sea,2350,Belgian part of the North Sea,26567,marine biome [ENVO:00000447];marine benthic biome[ENVO:01000024];marine reef biome [ENVO:01000029];marine subtidal rocky reef biome [ENVO:01000050],artificial reef [ENVO:00000149],miscellaneous natural or artificial environment,26,Flanders Marine Institute (VLIZ),Belgium,422,Offshore Wind Farm,BPNS Ha,Klaas Deneudt,klaas.deneudt@vliz.be,0000-0002-8559-3508,PRJEB51688; PRJEB72316,PRJEB37757,"European Marine Biological Resource Centre
",5669,emobon@embrc.eu
EMOBON,BPNS,BLA,BLAA,51.579833,2.9955,Belgium,North Atlantic Ocean,1912,North Sea,2350,Belgian part of the North Sea,26567,marine biome [ENVO:00000447];marine benthic biome[ENVO:01000024];marine reef biome [ENVO:01000029];marine subtidal rocky reef biome [ENVO:01000050],artificial reef [ENVO:00000149],miscellaneous natural or artificial environment,26,Flanders Marine Institute (VLIZ),Belgium,422,Offshore Wind Farm,BPNS Ha,Klaas Deneudt,klaas.deneudt@vliz.be,0000-0002-8559-3508,PRJEB51688; PRJEB72316,PRJEB37757,"European Marine Biological Resource Centre
",5669,emobon@embrc.eu
EMOBON,BPNS,BLA,BLAB,51.579833,2.9955,Belgium,North Atlantic Ocean,1912,North Sea,2350,Belgian part of the North Sea,26567,marine biome [ENVO:00000447];marine benthic biome[ENVO:01000024];marine reef biome [ENVO:01000029];marine subtidal rocky reef biome [ENVO:01000050],artificial reef [ENVO:00000149],miscellaneous natural or artificial environment,26,Flanders Marine Institute (VLIZ),Belgium,422,Offshore Wind Farm,BPNS Ha,Klaas Deneudt,klaas.deneudt@vliz.be,0000-0002-8559-3508,PRJEB51688; PRJEB72316,PRJEB37757,"European Marine Biological Resource Centre
",5669,emobon@embrc.eu
