source_mat_id_orig,samp_description,tax_id,scientific_name,investigation_type,env_material,samp_collect_device,deployment_date,collection_date,arms_unit_id,sampling_event,crate_cover,preservative,sampl_person,sampl_person_orcid,depth,replicate,rep_check,samp_fraction,size_filter,noteworthy_env_cond,samp_mat_process,samp_mat_process_dev,samp_store_date,samp_store_loc,samp_store_temp,store_person,store_person_orcid,other_person,other_person_orcid,images_in_PlutoF,long_store,ship_date,arr_date_hq,store_temp_hq,ship_date_seq,arr_date_seq,seq_batch,failure,failure_comment,ENA_accession_number_sample,source_mat_id
EMO BON CPOWERA HA 20210623 20220622 SF40 (1),EMOBON metagenome  sample from station BPNS. ARMS deployed on 2021-06-23 collected on 2022-06-22. Size fraction   um,256318,metagenome,metagenome,blended biomass derived from sessile communities colonising an autonomous reef monitoring structure [ENVO:01001863],autonomous reef monitoring structure [ENVO:01001855],2021-06-23 00:00:00,2022-06-22 00:00:00,CPOWERA, ,,DESS,Rune Lagaisse,0000-0001-9191-9140,26,1,, , ,,,,2022-06-22 00:00:00,shipped to HQ,4,Rune Lagaisse,0000-0001-9191-9140,NA,NA, , ,2022-09-26 00:00:00,2022-09-30 00:00:00,-20,2023-07-18 00:00:00,2023-07-18 00:00:00,batch_3.1,T,nq DNA yields; no seq library prep,,
EMO BON CPOWERA HA 20210623 20220622 SF40 (2),EMOBON metagenome  sample from station BPNS. ARMS deployed on   collected on 2022-06-22. Size fraction   um,256318,metagenome,metagenome,blended biomass derived from sessile communities colonising an autonomous reef monitoring structure [ENVO:01001863],autonomous reef monitoring structure [ENVO:01001855], ,2022-06-22 00:00:00,CPOWERA,BPNS_CPOWERA_210623_220622,,DESS,Rune Lagaisse,0000-0001-9191-9140,26,2,, , ,,,,2022-06-22 00:00:00,shipped to HQ,4,Rune Lagaisse,0000-0001-9191-9140,NA,NA,Y,N,2022-09-26 00:00:00,2022-09-30 00:00:00,-20,2023-07-18 00:00:00,2023-07-18 00:00:00,batch_3.1,T,nq DNA yields; no seq library prep,,EMOBON DFSF_AJ_1
EMO BON CPOWERA HA 20210623 20220622 SF40 (3),EMOBON metagenome  sample from station BPNS. ARMS deployed on   collected on 2022-06-22. Size fraction NANAum,256318,metagenome,metagenome,blended biomass derived from sessile communities colonising an autonomous reef monitoring structure [ENVO:01001863],autonomous reef monitoring structure [ENVO:01001855], ,2022-06-22 00:00:00,CPOWERA,BPNS_CPOWERA_HA_200623_220622,Yes,DESS,Rune Lagaisse,0000-0001-9191-9140,26,3,,NA,NA,,,,2022-06-22 00:00:00,shipped to HQ,4,Rune Lagaisse,0000-0001-9191-9140,NA,NA,Y,N,2022-09-26 00:00:00,2022-09-30 00:00:00,-20,2023-07-18 00:00:00,2023-07-18 00:00:00,batch_3.1,T,nq DNA yields; no seq library prep,,EMOBON_BPNS_Wa_3
EMO BON CPOWERA HA 20210623 20220622 MF500 (1),EMOBON metagenome  sample from station BPNS. ARMS deployed on 2021-06-23 collected on 2022-06-22. Size fraction NANAum,256318,metagenome,metagenome,biomass derived from sieving motile communities present in the retrieval tub of an autonomous reef monitoring structure through a 500 micrometre mesh [ENVO:01001901],autonomous reef monitoring structure [ENVO:01001855],2021-06-23 00:00:00,2022-06-22 00:00:00,CPOWERA,BPNS_CPOWERA_HA_210623_220622,Yes,DESS,Rune Lagaisse,0000-0001-9191-9140,26,1,,NA,NA,,,,2022-06-22 00:00:00,shipped to HQ,4,Rune Lagaisse,0000-0001-9191-9140,NA,NA,NA,N,2022-09-26 00:00:00,2022-09-30 00:00:00,-20,2023-07-18 00:00:00,2023-07-18 00:00:00,batch_3.1,T,nq DNA yields; no seq library prep,,EMOBON_BPNS_Ha_4
EMO BON CPOWERA HA 20210623 20220622 MF500 (2),EMOBON metagenome  sample from station BPNS. ARMS deployed on   collected on 2022-06-22. Size fraction PF500um,256318,metagenome,metagenome,biomass derived from sieving motile communities present in the retrieval tub of an autonomous reef monitoring structure through a 500 micrometre mesh [ENVO:01001901],autonomous reef monitoring structure [ENVO:01001855], ,2022-06-22 00:00:00,CPOWERA,BPNS_CPOWERA_HA_210623_220622,Yes,DESS,Rune Lagaisse,0000-0001-9191-9140,26,2,,PF,500,,,,2022-06-22 00:00:00,shipped to HQ,4,Rune Lagaisse,0000-0001-9191-9140,NA,NA,NA,N,2022-09-26 00:00:00,2022-09-30 00:00:00,-20,2023-07-18 00:00:00,2023-07-18 00:00:00,batch_3.1,T,nq DNA yields; no seq library prep,,EMOBON_BPNS_Ha_4
EMO BON CPOWERA HA 20210623 20220622 MF100 (1),EMOBON metagenome  sample from station BPNS. ARMS deployed on   collected on 2022-06-22. Size fraction PF100um,256318,metagenome,metagenome,biomass derived from sieving motile communities present in the retrieval tub of an autonomous reef monitoring structure through a 100 micrometre mesh [ENVO:01001900],autonomous reef monitoring structure [ENVO:01001855], ,2022-06-22 00:00:00,CPOWERA,BPNS_CPOWERA_HA_210623_220622,Yes,DESS,Rune Lagaisse,0000-0001-9191-9140,26,1,,PF,100,,,,2022-06-22 00:00:00,shipped to HQ,4,Rune Lagaisse,0000-0001-9191-9140,NA,NA,NA,N,2022-09-26 00:00:00,2022-09-30 00:00:00,-20,2023-07-18 00:00:00,2023-07-18 00:00:00,batch_3.1,T,nq DNA yields; no seq library prep,,EMOBON_BPNS_Ha_6
EMO BON CPOWERA HA 20210623 20220622 MF100 (2),EMOBON metagenome  sample from station BPNS. ARMS deployed on 2021-06-23 collected on 2022-06-22. Size fraction CTRL100um,256318,metagenome,metagenome,biomass derived from sieving motile communities present in the retrieval tub of an autonomous reef monitoring structure through a 100 micrometre mesh [ENVO:01001900],autonomous reef monitoring structure [ENVO:01001855],2021-06-23 00:00:00,2022-06-22 00:00:00,CPOWERA,BPNS_CPOWERA_HA_210623_220622,Yes,DESS,Rune Lagaisse,0000-0001-9191-9140,26,2,,CTRL,100,,,,2022-06-22 00:00:00,shipped to HQ,4,Rune Lagaisse,0000-0001-9191-9140,NA,NA,NA,N,2022-09-26 00:00:00,2022-09-30 00:00:00,-20,2023-07-18 00:00:00,2023-07-18 00:00:00,batch_3.1,T,nq DNA yields; no seq library prep,,EMOBON_BPNS_Ha_7
EMO BON CPOWERB HA 20210623 20220622 SF40 (1),EMOBON metagenome  sample from station BPNS. ARMS deployed on 2021-06-23 collected on 2020-06-22. Size fraction CTRL40um,256318,metagenome,metagenome,blended biomass derived from sessile communities colonising an autonomous reef monitoring structure [ENVO:01001863],autonomous reef monitoring structure [ENVO:01001855],2021-06-23 00:00:00,2020-06-22 00:00:00,CPOWERB,BPNS_CPOWERB_HA_210623_220622,Yes,DESS,Rune Lagaisse,0000-0001-9191-9140,30,1,,CTRL,40,,,,2022-06-22 00:00:00,shipped to HQ,4,Rune Lagaisse,0000-0001-9191-9140,NA,NA,Y,N,2022-09-26 00:00:00,2022-09-30 00:00:00,-20,2023-07-18 00:00:00,2023-07-18 00:00:00,batch_3.2,T,low DNA yields; seq library prep failed,,EMOBON_BPNS_Ha_8
EMO BON CPOWERB HA 20210623 20220622 SF40 (2),EMOBON metagenome  sample from station BPNS. ARMS deployed on 2021-06-23 collected on 2020-06-22. Size fraction SF40um,256318,metagenome,metagenome,blended biomass derived from sessile communities colonising an autonomous reef monitoring structure [ENVO:01001863],autonomous reef monitoring structure [ENVO:01001855],2021-06-23 00:00:00,2020-06-22 00:00:00,CPOWERB,BPNS_CPOWERB_HA_210623_220622,Yes,DESS,Rune Lagaisse,0000-0001-9191-9140,30,2,,SF,40,,,,2022-06-22 00:00:00,shipped to HQ,4,Rune Lagaisse,0000-0001-9191-9140,NA,NA,Y,N,2022-09-26 00:00:00,2022-09-30 00:00:00,-20,2023-07-18 00:00:00,2023-07-18 00:00:00,batch_3.2,T,low DNA yields; seq library prep failed,,EMOBON_BPNS_Ha_9
EMO BON CPOWERB HA 20210623 20220622 SF40 (3),EMOBON metagenome  sample from station BPNS. ARMS deployed on 2021-06-23 collected on 2022-06-22. Size fraction SF40um,256318,metagenome,metagenome,blended biomass derived from sessile communities colonising an autonomous reef monitoring structure [ENVO:01001863],autonomous reef monitoring structure [ENVO:01001855],2021-06-23 00:00:00,2022-06-22 00:00:00,CPOWERB,BPNS_CPOWERB_HA_210623_220622,Yes,DESS,Rune Lagaisse,0000-0001-9191-9140,30,3,,SF,40,,,,2022-06-22 00:00:00,shipped to HQ,4,Rune Lagaisse,0000-0001-9191-9140,NA,NA,Y,N,2022-09-26 00:00:00,2022-09-30 00:00:00,-20,2023-07-18 00:00:00,2023-07-18 00:00:00,batch_3.2,F,,,EMOBON_BPNS_Ha_10
EMO BON CPOWERC HA 20210623 20220622 SF40 (1),EMOBON metagenome  sample from station BPNS. ARMS deployed on 2021-06-23 collected on 2022-06-22. Size fraction SF40um,256318,metagenome,metagenome,blended biomass derived from sessile communities colonising an autonomous reef monitoring structure [ENVO:01001863],autonomous reef monitoring structure [ENVO:01001855],2021-06-23 00:00:00,2022-06-22 00:00:00,CPOWERC,BPNS_CPOWERB_HA_210623_220622,Yes,DESS,Rune Lagaisse,0000-0001-9191-9140,30,1,,SF,40,,,,2022-06-22 00:00:00,shipped to HQ,4,Rune Lagaisse,0000-0001-9191-9140,NA,NA,Y,N,2022-09-26 00:00:00,2022-09-30 00:00:00,-20,2023-07-18 00:00:00,2023-07-18 00:00:00,batch_3.2,F,,,EMOBON_BPNS_Ha_11
EMO BON CPOWERB HA 20210623 20220622 MF500 (1),EMOBON metagenome  sample from station BPNS. ARMS deployed on 2021-06-23 collected on 2022-06-22. Size fraction MF500um,256318,metagenome,metagenome,biomass derived from sieving motile communities present in the retrieval tub of an autonomous reef monitoring structure through a 500 micrometre mesh [ENVO:01001901],autonomous reef monitoring structure [ENVO:01001855],2021-06-23 00:00:00,2022-06-22 00:00:00,CPOWERB,BPNS_CPOWERB_HA_210623_220622,Yes,DESS,Rune Lagaisse,0000-0001-9191-9140,30,1,,MF,500,,,,2022-06-22 00:00:00,shipped to HQ,4,Rune Lagaisse,0000-0001-9191-9140,NA,NA,NA,N,2022-09-26 00:00:00,2022-09-30 00:00:00,-20,2023-07-18 00:00:00,2023-07-18 00:00:00,batch_3.2,F,,,EMOBON_BPNS_Ha_12
EMO BON CPOWERB HA 20210623 20220622 MF500 (2),EMOBON metagenome  sample from station BPNS. ARMS deployed on 2021-06-23 collected on 2022-06-22. Size fraction MF500um,256318,metagenome,metagenome,biomass derived from sieving motile communities present in the retrieval tub of an autonomous reef monitoring structure through a 500 micrometre mesh [ENVO:01001901],autonomous reef monitoring structure [ENVO:01001855],2021-06-23 00:00:00,2022-06-22 00:00:00,CPOWERB,BPNS_CPOWERB_HA_210623_220622,Yes,DESS,Rune Lagaisse,0000-0001-9191-9140,30,2,,MF,500,,,,2022-06-22 00:00:00,shipped to HQ,4,Rune Lagaisse,0000-0001-9191-9140,NA,NA,NA,N,2022-09-26 00:00:00,2022-09-30 00:00:00,-20,2023-07-18 00:00:00,2023-07-18 00:00:00,batch_3.2,T,low DNA yields; seq library prep failed,,EMOBON_BPNS_Ha_13
EMO BON CPOWERB HA 20210623 20220622 MF100 (1),EMOBON metagenome  sample from station BPNS. ARMS deployed on 2021-06-23 collected on 2022-06-22. Size fraction MF100um,256318,metagenome,metagenome,biomass derived from sieving motile communities present in the retrieval tub of an autonomous reef monitoring structure through a 100 micrometre mesh [ENVO:01001900],autonomous reef monitoring structure [ENVO:01001855],2021-06-23 00:00:00,2022-06-22 00:00:00,CPOWERB,BPNS_CPOWERB_HA_210623_220622,Yes,DESS,Rune Lagaisse,0000-0001-9191-9140,30,1,,MF,100,,,,2022-06-22 00:00:00,shipped to HQ,4,Rune Lagaisse,0000-0001-9191-9140,NA,NA,NA,N,2022-09-26 00:00:00,2022-09-30 00:00:00,-20,2023-07-18 00:00:00,2023-07-18 00:00:00,batch_3.2,F,,,EMOBON_BPNS_Ha_14
EMO BON CPOWERB HA 20210623 20220622 MF100 (2),EMOBON metagenome  sample from station BPNS. ARMS deployed on 2021-06-23 collected on 2022-06-22. Size fraction MF100um,256318,metagenome,metagenome,biomass derived from sieving motile communities present in the retrieval tub of an autonomous reef monitoring structure through a 100 micrometre mesh [ENVO:01001900],autonomous reef monitoring structure [ENVO:01001855],2021-06-23 00:00:00,2022-06-22 00:00:00,CPOWERB,BPNS_CPOWERB_HA_210623_220622,Yes,DESS,Rune Lagaisse,0000-0001-9191-9140,30,2,,MF,100,,,,2022-06-22 00:00:00,shipped to HQ,4,Rune Lagaisse,0000-0001-9191-9140,NA,NA,NA,N,2022-09-26 00:00:00,2022-09-30 00:00:00,-20,2023-07-18 00:00:00,2023-07-18 00:00:00,batch_3.2,F,,,EMOBON_BPNS_Ha_15
EMO BON CPOWERC HA 20210623 20220622 SF40 (2),EMOBON metagenome  sample from station BPNS. ARMS deployed on 2021-06-23 collected on 2022-06-22. Size fraction SF40um,256318,metagenome,metagenome,blended biomass derived from sessile communities colonising an autonomous reef monitoring structure [ENVO:01001863],autonomous reef monitoring structure [ENVO:01001855],2021-06-23 00:00:00,2022-06-22 00:00:00,CPOWERC,BPNS_CPOWERC_HA_210623_220622,Yes,DESS,Rune Lagaisse,0000-0001-9191-9140,22,2,,SF,40,,,,2022-06-22 00:00:00,shipped to HQ,4,Rune Lagaisse,0000-0001-9191-9140,NA,NA,Y,N,2022-09-26 00:00:00,2022-09-30 00:00:00,-20,2023-07-18 00:00:00,2023-07-18 00:00:00,batch_3.2,T,low DNA yields; seq library prep failed,,EMOBON_BPNS_Ha_16
EMO BON CPOWERC HA 20210623 20220622 SF40 (3),EMOBON metagenome  sample from station BPNS. ARMS deployed on 2021-06-23 collected on 2022-06-22. Size fraction SF40um,256318,metagenome,metagenome,blended biomass derived from sessile communities colonising an autonomous reef monitoring structure [ENVO:01001863],autonomous reef monitoring structure [ENVO:01001855],2021-06-23 00:00:00,2022-06-22 00:00:00,CPOWERC,BPNS_CPOWERC_HA_210623_220622,Yes,DESS,Rune Lagaisse,0000-0001-9191-9140,22,2,,SF,40,,,,2022-06-22 00:00:00,shipped to HQ,4,Rune Lagaisse,0000-0001-9191-9140,NA,NA,Y,N,2022-09-26 00:00:00,2022-09-30 00:00:00,-20,2023-07-18 00:00:00,2023-07-18 00:00:00,batch_3.2,F,,,EMOBON_BPNS_Ha_17
EMO BON CPOWERC HA 20210623 20220622 MF500 (1),EMOBON metagenome  sample from station BPNS. ARMS deployed on 2021-06-23 collected on 2022-06-22. Size fraction MF500um,256318,metagenome,metagenome,biomass derived from sieving motile communities present in the retrieval tub of an autonomous reef monitoring structure through a 500 micrometre mesh [ENVO:01001901],autonomous reef monitoring structure [ENVO:01001855],2021-06-23 00:00:00,2022-06-22 00:00:00,CPOWERC,BPNS_CPOWERC_HA_210623_220622,Yes,DESS,Rune Lagaisse,0000-0001-9191-9140,22,1,,MF,500,,,,2022-06-22 00:00:00,shipped to HQ,4,Rune Lagaisse,0000-0001-9191-9140,NA,NA,NA,N,2022-09-26 00:00:00,2022-09-30 00:00:00,-20,2023-07-18 00:00:00,2023-07-18 00:00:00,batch_3.2,F,,,EMOBON_BPNS_Ha_18
EMO BON CPOWERC HA 20210623 20220622 MF500 (2),EMOBON metagenome  sample from station BPNS. ARMS deployed on 2021-06-23 collected on 2022-06-22. Size fraction MF500um,256318,metagenome,metagenome,biomass derived from sieving motile communities present in the retrieval tub of an autonomous reef monitoring structure through a 500 micrometre mesh [ENVO:01001901],autonomous reef monitoring structure [ENVO:01001855],2021-06-23 00:00:00,2022-06-22 00:00:00,CPOWERC,BPNS_CPOWERC_HA_210623_220622,Yes,DESS,Rune Lagaisse,0000-0001-9191-9140,22,2,,MF,500,,,,2022-06-22 00:00:00,shipped to HQ,4,Rune Lagaisse,0000-0001-9191-9140,NA,NA,NA,N,2022-09-26 00:00:00,2022-09-30 00:00:00,-20,2023-07-18 00:00:00,2023-07-18 00:00:00,batch_3.2,F,,,EMOBON_BPNS_Ha_19
EMO BON CPOWERC HA 20210623 20220622 MF100 (1),EMOBON metagenome  sample from station BPNS. ARMS deployed on 2021-06-23 collected on 2022-06-22. Size fraction MF100um,256318,metagenome,metagenome,biomass derived from sieving motile communities present in the retrieval tub of an autonomous reef monitoring structure through a 100 micrometre mesh [ENVO:01001900],autonomous reef monitoring structure [ENVO:01001855],2021-06-23 00:00:00,2022-06-22 00:00:00,CPOWERC,BPNS_CPOWERC_HA_210623_220622,Yes,DESS,Rune Lagaisse,0000-0001-9191-9140,22,1,,MF,100,,,,2022-06-22 00:00:00,shipped to HQ,4,Rune Lagaisse,0000-0001-9191-9140,NA,NA,NA,N,2022-09-26 00:00:00,2022-09-30 00:00:00,-20,2023-07-18 00:00:00,2023-07-18 00:00:00,batch_3.2,F,,,EMOBON_BPNS_Ha_20
EMO BON CPOWERC HA 20210623 20220622 MF100 (2),EMOBON metagenome  sample from station BPNS. ARMS deployed on 2021-06-23 collected on 2022-06-22. Size fraction MF100um,256318,metagenome,metagenome,biomass derived from sieving motile communities present in the retrieval tub of an autonomous reef monitoring structure through a 100 micrometre mesh [ENVO:01001900],autonomous reef monitoring structure [ENVO:01001855],2021-06-23 00:00:00,2022-06-22 00:00:00,pickle,BPNS_CPOWERC_HA_210623_220622,Yes,DESS,Rune Lagaisse,0000-0001-9191-9140,22,2,,MF,100,,,,2022-06-22 00:00:00,shipped to HQ,4,Rune Lagaisse,0000-0001-9191-9140,NA,NA,NA,N,2022-09-26 00:00:00,2022-09-30 00:00:00,-20,2023-07-18 00:00:00,2023-07-18 00:00:00,batch_3.2,T,seq library prep failed for 18S; COI seq ok,,EMOBON_BPNS_Ha_21
ARMS_BelgiumCoast_CoastbustersB_20210422_20230215_SF40_1,EMOBON metagenome  sample from station BPNS. ARMS deployed on 2021-04-22 collected on 2023-04-22. Size fraction SF40um,256318,metagenome,metagenome,blended biomass derived from sessile communities colonising an autonomous reef monitoring structure [ENVO:01001863],autonomous reef monitoring structure [ENVO:01001855],2021-04-22 00:00:00,2023-04-22 00:00:00,CoastbustersB,BPNS_CoastbustersB_Ha_210422_230215,Yes,DESS,Rune Lagaisse,0000-0001-9191-9140,9,1,,SF,40,,,,2023-04-22 00:00:00,shipped to HQ,-80,Rune Lagaisse,0000-0001-9191-9140,NA,NA,Y,N,2023-09-11 00:00:00,2023-09-14 00:00:00,-20,2024-04-01 00:00:00,2024-04-01 00:00:00,batch_4,F,NA,,EMOBON_BPNS_Ha_22
ARMS_BelgiumCoast_CoastbustersB_20210422_20230215_SF40_2,EMOBON metagenome  sample from station BPNS. ARMS deployed on 2021-04-22 collected on 2023-04-22. Size fraction SF40um,256318,metagenome,metagenome,blended biomass derived from sessile communities colonising an autonomous reef monitoring structure [ENVO:01001863],autonomous reef monitoring structure [ENVO:01001855],2021-04-22 00:00:00,2023-04-22 00:00:00,CoastbustersB,BPNS_CoastbustersB_Ha_210422_230215,Yes,DESS,Rune Lagaisse,0000-0001-9191-9140,9,2,,SF,40,,,,2023-04-22 00:00:00,shipped to HQ,-80,Rune Lagaisse,0000-0001-9191-9140,NA,NA,Y,N,2023-09-11 00:00:00,2023-09-14 00:00:00,-20,2024-04-01 00:00:00,2024-04-01 00:00:00,batch_4,F,NA,,EMOBON_BPNS_Ha_23
ARMS_BelgiumCoast_CoastbustersB_20210422_20230215_MF100_1,EMOBON metagenome  sample from station BPNS. ARMS deployed on 2021-04-22 collected on 2023-04-22. Size fraction MF100um,256318,metagenome,metagenome,biomass derived from sieving motile communities present in the retrieval tub of an autonomous reef monitoring structure through a 100 micrometre mesh [ENVO:01001900],autonomous reef monitoring structure [ENVO:01001855],2021-04-22 00:00:00,2023-04-22 00:00:00,CoastbustersB,BPNS_CoastbustersB_Ha_210422_230215,Yes,DESS,Rune Lagaisse,0000-0001-9191-9140,9,1,,MF,100,,,,2023-04-22 00:00:00,shipped to HQ,-80,Rune Lagaisse,0000-0001-9191-9140,NA,NA,NA,N,2023-09-11 00:00:00,2023-09-14 00:00:00,-20,2024-04-01 00:00:00,2024-04-01 00:00:00,batch_4,F,NA,,EMOBON_BPNS_Ha_24
ARMS_BelgiumCoast_CoastbustersB_20210422_20230215_MF100_2,EMOBON metagenome  sample from station BPNS. ARMS deployed on 2021-04-22 collected on 2023-04-22. Size fraction MF100um,256318,metagenome,metagenome,biomass derived from sieving motile communities present in the retrieval tub of an autonomous reef monitoring structure through a 100 micrometre mesh [ENVO:01001900],autonomous reef monitoring structure [ENVO:01001855],2021-04-22 00:00:00,2023-04-22 00:00:00,CoastbustersB,BPNS_CoastbustersB_Ha_210422_230215,Yes,DESS,Rune Lagaisse,0000-0001-9191-9140,9,2,,MF,100,,,,2023-04-22 00:00:00,shipped to HQ,-80,Rune Lagaisse,0000-0001-9191-9140,NA,NA,NA,N,2023-09-11 00:00:00,2023-09-14 00:00:00,-20,2024-04-01 00:00:00,2024-04-01 00:00:00,batch_4,F,NA,,EMOBON_BPNS_Ha_25
ARMS_BelgiumCoast_CoastbustersB_20210422_20230215_MF500_1,EMOBON metagenome  sample from station BPNS. ARMS deployed on 2021-04-22 collected on 2023-04-22. Size fraction MF500um,256318,metagenome,metagenome,biomass derived from sieving motile communities present in the retrieval tub of an autonomous reef monitoring structure through a 500 micrometre mesh [ENVO:01001901],autonomous reef monitoring structure [ENVO:01001855],2021-04-22 00:00:00,2023-04-22 00:00:00,CoastbustersB,BPNS_CoastbustersB_Ha_210422_230215,Yes,DESS,Rune Lagaisse,0000-0001-9191-9140,9,1,,MF,500,,,,2023-04-22 00:00:00,shipped to HQ,-80,Rune Lagaisse,0000-0001-9191-9140,NA,NA,NA,N,2023-09-11 00:00:00,2023-09-14 00:00:00,-20,2024-04-01 00:00:00,2024-04-01 00:00:00,batch_4,F,NA,,EMOBON_BPNS_Ha_26
ARMS_BelgiumCoast_CPowerA_20220622_20230905_SF40_1,EMOBON metagenome  sample from station BPNS. ARMS deployed on 2022-06-22 collected on 2023-10-05. Size fraction SF40um,256318,metagenome,metagenome,blended biomass derived from sessile communities colonising an autonomous reef monitoring structure [ENVO:01001863],autonomous reef monitoring structure [ENVO:01001855],2022-06-22 00:00:00,2023-10-05 00:00:00,CPOWERA,BPNS_CPOWERA_Ha_220622_230905,Yes,DESS,Rune Lagaisse,0000-0001-9191-9140,26,1,,SF,40,,,,2023-09-05 00:00:00,shipped to HQ,-80,Rune Lagaisse,0000-0001-9191-9140,NA,NA,Y,N,2023-09-11 00:00:00,2023-09-14 00:00:00,-20,2024-04-01 00:00:00,2024-04-01 00:00:00,batch_4,T,inadequate extracted DNA,,EMOBON_BPNS_Ha_27
ARMS_BelgiumCoast_CPowerA_20220622_20230905_SF40_2,EMOBON metagenome  sample from station BPNS. ARMS deployed on 2022-06-22 collected on 2023-10-05. Size fraction SF40um,256318,metagenome,metagenome,blended biomass derived from sessile communities colonising an autonomous reef monitoring structure [ENVO:01001863],autonomous reef monitoring structure [ENVO:01001855],2022-06-22 00:00:00,2023-10-05 00:00:00,CPOWERA,BPNS_CPOWERA_Ha_220622_230905,Yes,DESS,Rune Lagaisse,0000-0001-9191-9140,26,2,,SF,40,,,,2023-09-05 00:00:00,shipped to HQ,-80,Rune Lagaisse,0000-0001-9191-9140,NA,NA,Y,N,2023-09-11 00:00:00,2023-09-14 00:00:00,-20,2024-04-01 00:00:00,2024-04-01 00:00:00,batch_4,F,only18S v1-v2 failed,,EMOBON_BPNS_Ha_28
ARMS_BelgiumCoast_CPowerA_20220622_20230905_MF100_1,EMOBON metagenome  sample from station BPNS. ARMS deployed on 2022-06-22 collected on 2023-10-05. Size fraction MF100um,256318,metagenome,metagenome,biomass derived from sieving motile communities present in the retrieval tub of an autonomous reef monitoring structure through a 100 micrometre mesh [ENVO:01001900],autonomous reef monitoring structure [ENVO:01001855],2022-06-22 00:00:00,2023-10-05 00:00:00,CPOWERA,BPNS_CPOWERA_Ha_220622_230905,Yes,DESS,Rune Lagaisse,0000-0001-9191-9140,26,1,,MF,100,,,,2023-09-05 00:00:00,shipped to HQ,-80,Rune Lagaisse,0000-0001-9191-9140,NA,NA,NA,N,2023-09-11 00:00:00,2023-09-14 00:00:00,-20,2024-04-01 00:00:00,2024-04-01 00:00:00,batch_4,F,NA,,EMOBON_BPNS_Ha_29
ARMS_BelgiumCoast_CPowerA_20220622_20230905_MF500_1,EMOBON metagenome  sample from station BPNS. ARMS deployed on 2022-06-22 collected on 2023-10-05. Size fraction MF500um,256318,metagenome,metagenome,biomass derived from sieving motile communities present in the retrieval tub of an autonomous reef monitoring structure through a 500 micrometre mesh [ENVO:01001901],autonomous reef monitoring structure [ENVO:01001855],2022-06-22 00:00:00,2023-10-05 00:00:00,CPOWERA,BPNS_CPOWERA_Ha_220622_230905,Yes,DESS,Rune Lagaisse,0000-0001-9191-9140,26,1,,MF,500,,,,2023-09-05 00:00:00,shipped to HQ,-80,Rune Lagaisse,0000-0001-9191-9140,NA,NA,NA,N,2023-09-11 00:00:00,2023-09-14 00:00:00,-20,2024-04-01 00:00:00,2024-04-01 00:00:00,batch_4,F,NA,,EMOBON_BPNS_Ha_30
ARMS_BelgiumCoast_CPowerA_20220622_20230905_MF500_2,EMOBON metagenome  sample from station BPNS. ARMS deployed on 2022-06-22 collected on 2023-10-05. Size fraction MF500um,256318,metagenome,metagenome,biomass derived from sieving motile communities present in the retrieval tub of an autonomous reef monitoring structure through a 500 micrometre mesh [ENVO:01001901],autonomous reef monitoring structure [ENVO:01001855],2022-06-22 00:00:00,2023-10-05 00:00:00,CPOWERA,BPNS_CPOWERA_Ha_220622_230905,Yes,DESS,Rune Lagaisse,0000-0001-9191-9140,26,2,,MF,500,,,,2023-09-05 00:00:00,shipped to HQ,-80,Rune Lagaisse,0000-0001-9191-9140,NA,NA,NA,N,2023-09-11 00:00:00,2023-09-14 00:00:00,-20,2024-04-01 00:00:00,2024-04-01 00:00:00,batch_4,F,NA,,EMOBON_BPNS_Ha_31
ARMS_BelgiumCoast_CPowerB_20220622_20230905_SF40_1,EMOBON metagenome  sample from station BPNS. ARMS deployed on 2022-06-22 collected on 2023-09-05. Size fraction SF40um,256318,metagenome,metagenome,blended biomass derived from sessile communities colonising an autonomous reef monitoring structure [ENVO:01001863],autonomous reef monitoring structure [ENVO:01001855],2022-06-22 00:00:00,2023-09-05 00:00:00,CPOWERB,BPNS_CPOWERB_Ha_220622_230905,Yes,DESS,Rune Lagaisse,0000-0001-9191-9140,26,1,,SF,40,,,,2023-09-05 00:00:00,shipped to HQ,-80,Rune Lagaisse,0000-0001-9191-9140,NA,NA,Y,N,2023-09-11 00:00:00,2023-09-14 00:00:00,-20,2024-04-01 00:00:00,2024-04-01 00:00:00,batch_4,T,inadequate extracted DNA; library prep failed,,EMOBON_BPNS_Ha_32
ARMS_BelgiumCoast_CPowerB_20220622_20230905_SF40_2,EMOBON metagenome  sample from station BPNS. ARMS deployed on 2022-06-22 collected on 2023-09-05. Size fraction SF40um,256318,metagenome,metagenome,blended biomass derived from sessile communities colonising an autonomous reef monitoring structure [ENVO:01001863],autonomous reef monitoring structure [ENVO:01001855],2022-06-22 00:00:00,2023-09-05 00:00:00,CPOWERB,BPNS_CPOWERB_Ha_220622_230905,Yes,DESS,Rune Lagaisse,0000-0001-9191-9140,26,2,,SF,40,,,,2023-09-05 00:00:00,shipped to HQ,-80,Rune Lagaisse,0000-0001-9191-9140,NA,NA,Y,N,2023-09-11 00:00:00,2023-09-14 00:00:00,-20,2024-04-01 00:00:00,2024-04-01 00:00:00,batch_4,F,NA,,EMOBON_BPNS_Ha_33
ARMS_BelgiumCoast_CPowerB_20220622_20230905_MF100_1,EMOBON metagenome  sample from station BPNS. ARMS deployed on 2022-06-22 collected on 2023-09-05. Size fraction MF100um,256318,metagenome,metagenome,biomass derived from sieving motile communities present in the retrieval tub of an autonomous reef monitoring structure through a 100 micrometre mesh [ENVO:01001900],autonomous reef monitoring structure [ENVO:01001855],2022-06-22 00:00:00,2023-09-05 00:00:00,CPOWERB,BPNS_CPOWERB_Ha_220622_230905,Yes,DESS,Rune Lagaisse,0000-0001-9191-9140,26,1,,MF,100,,,,2023-09-05 00:00:00,shipped to HQ,-80,Rune Lagaisse,0000-0001-9191-9140,NA,NA,NA,N,2023-09-11 00:00:00,2023-09-14 00:00:00,-20,2024-04-01 00:00:00,2024-04-01 00:00:00,batch_4,F,NA,,EMOBON_BPNS_Ha_34
ARMS_BelgiumCoast_CPowerB_20220622_20230905_MF100_2,EMOBON metagenome  sample from station BPNS. ARMS deployed on 2022-06-22 collected on 2023-09-05. Size fraction MF100um,256318,metagenome,metagenome,biomass derived from sieving motile communities present in the retrieval tub of an autonomous reef monitoring structure through a 100 micrometre mesh [ENVO:01001900],autonomous reef monitoring structure [ENVO:01001855],2022-06-22 00:00:00,2023-09-05 00:00:00,CPOWERB,BPNS_CPOWERB_Ha_220622_230905,Yes,DESS,Rune Lagaisse,0000-0001-9191-9140,26,2,,MF,100,,,,2023-09-05 00:00:00,shipped to HQ,-80,Rune Lagaisse,0000-0001-9191-9140,NA,NA,NA,N,2023-09-11 00:00:00,2023-09-14 00:00:00,-20,2024-04-01 00:00:00,2024-04-01 00:00:00,batch_4,F,NA,,EMOBON_BPNS_Ha_35
ARMS_BelgiumCoast_CPowerB_20220622_20230905_MF500_1,EMOBON metagenome  sample from station BPNS. ARMS deployed on 2022-06-22 collected on 2023-09-05. Size fraction MF500um,256318,metagenome,metagenome,biomass derived from sieving motile communities present in the retrieval tub of an autonomous reef monitoring structure through a 500 micrometre mesh [ENVO:01001901],autonomous reef monitoring structure [ENVO:01001855],2022-06-22 00:00:00,2023-09-05 00:00:00,CPOWERB,BPNS_CPOWERB_Ha_220622_230905,Yes,DESS,Rune Lagaisse,0000-0001-9191-9140,26,1,,MF,500,,,,2023-09-05 00:00:00,shipped to HQ,-80,Rune Lagaisse,0000-0001-9191-9140,NA,NA,NA,N,2023-09-11 00:00:00,2023-09-14 00:00:00,-20,2024-04-01 00:00:00,2024-04-01 00:00:00,batch_4,F,NA,,EMOBON_BPNS_Ha_36
ARMS_BelgiumCoast_CPowerB_20220622_20230905_MF500_2,EMOBON metagenome  sample from station BPNS. ARMS deployed on 2022-06-22 collected on 2023-09-05. Size fraction MF500um,256318,metagenome,metagenome,biomass derived from sieving motile communities present in the retrieval tub of an autonomous reef monitoring structure through a 500 micrometre mesh [ENVO:01001901],autonomous reef monitoring structure [ENVO:01001855],2022-06-22 00:00:00,2023-09-05 00:00:00,CPOWERB,BPNS_CPOWERB_Ha_220622_230905,Yes,DESS,Rune Lagaisse,0000-0001-9191-9140,26,2,,MF,500,,,,2023-09-05 00:00:00,shipped to HQ,-80,Rune Lagaisse,0000-0001-9191-9140,NA,NA,NA,N,2023-09-11 00:00:00,2023-09-14 00:00:00,-20,2024-04-01 00:00:00,2024-04-01 00:00:00,batch_4,F,NA,,EMOBON_BPNS_Ha_37
ARMS_BelgiumCoast_CPowerC_20220622_20230905_SF40_1,EMOBON metagenome  sample from station BPNS. ARMS deployed on 2022-06-22 collected on 2023-09-05. Size fraction SF40um,256318,metagenome,metagenome,blended biomass derived from sessile communities colonising an autonomous reef monitoring structure [ENVO:01001863],autonomous reef monitoring structure [ENVO:01001855],2022-06-22 00:00:00,2023-09-05 00:00:00,CPOWERC,BPNS_CPOWERC_Ha_220622_230905,Yes,DESS,Rune Lagaisse,0000-0001-9191-9140,26,1,,SF,40,,,,2023-09-05 00:00:00,shipped to HQ,-80,Rune Lagaisse,0000-0001-9191-9140,NA,NA,NA,N,2023-09-11 00:00:00,2023-09-14 00:00:00,-20,2024-04-01 00:00:00,2024-04-01 00:00:00,batch_4,T,inadequate extracted DNA,,EMOBON_BPNS_Ha_38
ARMS_BelgiumCoast_CPowerC_20220622_20230905_SF40_2,EMOBON metagenome  sample from station BPNS. ARMS deployed on 2022-06-22 collected on 2023-09-05. Size fraction SF40um,256318,metagenome,metagenome,blended biomass derived from sessile communities colonising an autonomous reef monitoring structure [ENVO:01001863],autonomous reef monitoring structure [ENVO:01001855],2022-06-22 00:00:00,2023-09-05 00:00:00,CPOWERC,BPNS_CPOWERC_Ha_220622_230905,Yes,DESS,Rune Lagaisse,0000-0001-9191-9140,26,2,,SF,40,,,,2023-09-05 00:00:00,shipped to HQ,-80,Rune Lagaisse,0000-0001-9191-9140,NA,NA,Y,N,2023-09-11 00:00:00,2023-09-14 00:00:00,-20,2024-04-01 00:00:00,2024-04-01 00:00:00,batch_4,T,inadequate extracted DNA; library prep failed,,EMOBON_BPNS_Ha_39
ARMS_BelgiumCoast_CPowerC_20220622_20230905_MF100_1,EMOBON metagenome  sample from station BPNS. ARMS deployed on 2022-06-22 collected on 2023-09-05. Size fraction MF100um,256318,metagenome,metagenome,biomass derived from sieving motile communities present in the retrieval tub of an autonomous reef monitoring structure through a 100 micrometre mesh [ENVO:01001900],autonomous reef monitoring structure [ENVO:01001855],2022-06-22 00:00:00,2023-09-05 00:00:00,CPOWERC,BPNS_CPOWERC_Ha_220622_230905,Yes,DESS,Rune Lagaisse,0000-0001-9191-9140,26,1,,MF,100,,,,2023-09-05 00:00:00,shipped to HQ,-80,Rune Lagaisse,0000-0001-9191-9140,NA,NA,Y,N,2023-09-11 00:00:00,2023-09-14 00:00:00,-20,2024-04-01 00:00:00,2024-04-01 00:00:00,batch_4,F,only COI failed,,EMOBON_BPNS_Ha_40
ARMS_BelgiumCoast_CPowerC_20220622_20230905_MF100_2,EMOBON metagenome  sample from station BPNS. ARMS deployed on 2022-06-22 collected on 2023-09-05. Size fraction MF100um,256318,metagenome,metagenome,biomass derived from sieving motile communities present in the retrieval tub of an autonomous reef monitoring structure through a 100 micrometre mesh [ENVO:01001900],autonomous reef monitoring structure [ENVO:01001855],2022-06-22 00:00:00,2023-09-05 00:00:00,CPOWERC,BPNS_CPOWERC_Ha_220622_230905,Yes,DESS,Rune Lagaisse,0000-0001-9191-9140,26,2,,MF,100,,,,2023-09-05 00:00:00,shipped to HQ,-80,Rune Lagaisse,0000-0001-9191-9140,NA,NA,NA,N,2023-09-11 00:00:00,2023-09-14 00:00:00,-20,2024-04-01 00:00:00,2024-04-01 00:00:00,batch_4,F,only COI failed,,EMOBON_BPNS_Ha_41
ARMS_BelgiumCoast_CPowerC_20220622_20230905_MF500_1,EMOBON metagenome  sample from station BPNS. ARMS deployed on 2022-06-22 collected on 2023-09-05. Size fraction MF500um,256318,metagenome,metagenome,biomass derived from sieving motile communities present in the retrieval tub of an autonomous reef monitoring structure through a 500 micrometre mesh [ENVO:01001901],autonomous reef monitoring structure [ENVO:01001855],2022-06-22 00:00:00,2023-09-05 00:00:00,CPOWERC,BPNS_CPOWERC_Ha_220622_230905,Yes,DESS,Rune Lagaisse,0000-0001-9191-9140,26,1,,MF,500,,,,2023-09-05 00:00:00,shipped to HQ,-80,Rune Lagaisse,0000-0001-9191-9140,NA,NA,NA,N,2023-09-11 00:00:00,2023-09-14 00:00:00,-20,2024-04-01 00:00:00,2024-04-01 00:00:00,batch_4,F,only COI failed,,EMOBON_BPNS_Ha_42
ARMS_BelgiumCoast_CPowerA_20231023_20240718_SF40_1,EMOBON metagenome  sample from station BPNS. ARMS deployed on 2023-10-23 collected on 2024-07-18. Size fraction SF40um,256318,metagenome,metagenome,blended biomass derived from sessile communities colonising an autonomous reef monitoring structure [ENVO:01001863],autonomous reef monitoring structure [ENVO:01001855],2023-10-23 00:00:00,2024-07-18 00:00:00,CPOWERA,BPNS_CPowerA_Ha_231023_240718,Yes,DESS,Hanneloor Heynderickx,0000-0002-5611-837X,26,1,,SF,40,,,,2024-07-18 00:00:00,,-80,Hanneloor Heynderickx,0000-0002-5611-837X,NA,NA,Y,N,2025-01-27 00:00:00,2025-02-03 00:00:00,-20,2025-05-19 00:00:00,2025-05-21 00:00:00,batch_6,,,,EMOBON_BPNS_Ha_43
ARMS_BelgiumCoast_CPowerA_20231023_20240718_SF40_2,EMOBON metagenome  sample from station BPNS. ARMS deployed on 2023-10-23 collected on 2024-07-18. Size fraction SF40um,256318,metagenome,metagenome,blended biomass derived from sessile communities colonising an autonomous reef monitoring structure [ENVO:01001863],autonomous reef monitoring structure [ENVO:01001855],2023-10-23 00:00:00,2024-07-18 00:00:00,CPOWERA,BPNS_CPowerA_Ha_231023_240718,Yes,DESS,Hanneloor Heynderickx,0000-0002-5611-837X,26,2,,SF,40,,,,2024-07-18 00:00:00,,-80,Hanneloor Heynderickx,0000-0002-5611-837X,NA,NA,Y,Y,2025-01-27 00:00:00,2025-02-03 00:00:00,-20,NA,NA,NA,NA,not sequenced due to low budget; returned to BPNS on 24/11/2025,,EMOBON_BPNS_Ha_44
ARMS_BelgiumCoast_CPowerA_20231023_20240718_SF40_3,EMOBON metagenome  sample from station BPNS. ARMS deployed on 2023-10-23 collected on 2024-07-18. Size fraction SF40um,256318,metagenome,metagenome,blended biomass derived from sessile communities colonising an autonomous reef monitoring structure [ENVO:01001863],autonomous reef monitoring structure [ENVO:01001855],2023-10-23 00:00:00,2024-07-18 00:00:00,CPOWERA,BPNS_CPowerA_Ha_231023_240718,Yes,DESS,Hanneloor Heynderickx,0000-0002-5611-837X,26,3,,SF,40,,,,2024-07-18 00:00:00,,-80,Hanneloor Heynderickx,0000-0002-5611-837X,NA,NA,Y,Y,2025-01-27 00:00:00,2025-02-03 00:00:00,-20,NA,NA,NA,NA,shipped by accident; returned to BPNS on 24/11/2025,,EMOBON_BPNS_Ha_45
ARMS_BelgiumCoast_CPowerA_20231023_20240718_SF40_4,EMOBON metagenome  sample from station BPNS. ARMS deployed on 2023-10-23 collected on 2024-07-18. Size fraction SF40um,256318,metagenome,metagenome,blended biomass derived from sessile communities colonising an autonomous reef monitoring structure [ENVO:01001863],autonomous reef monitoring structure [ENVO:01001855],2023-10-23 00:00:00,2024-07-18 00:00:00,CPOWERA,BPNS_CPowerA_Ha_231023_240718,Yes,DESS,Hanneloor Heynderickx,0000-0002-5611-837X,26,4,,SF,40,,,,2024-07-18 00:00:00,,-80,Hanneloor Heynderickx,0000-0002-5611-837X,NA,NA,Y,Y,NA,NA,NA,NA,NA,NA,NA,,,EMOBON_BPNS_Ha_46
ARMS_BelgiumCoast_CPowerA_20231023_20240718_MF100_1,EMOBON metagenome  sample from station BPNS. ARMS deployed on 2023-10-23 collected on 2024-07-18. Size fraction MF100um,256318,metagenome,metagenome,biomass derived from sieving motile communities present in the retrieval tub of an autonomous reef monitoring structure through a 100 micrometre mesh [ENVO:01001900],autonomous reef monitoring structure [ENVO:01001855],2023-10-23 00:00:00,2024-07-18 00:00:00,CPOWERA,BPNS_CPowerA_Ha_231023_240718,Yes,DESS,Hanneloor Heynderickx,0000-0002-5611-837X,26,1,,MF,100,,,,2024-07-18 00:00:00,,-80,Hanneloor Heynderickx,0000-0002-5611-837X,NA,NA,NA,N,2025-01-27 00:00:00,2025-02-03 00:00:00,-20,2025-05-19 00:00:00,2025-05-21 00:00:00,batch_6,,,,EMOBON_BPNS_Ha_47
ARMS_BelgiumCoast_CPowerA_20231023_20240718_MF100_2,EMOBON metagenome  sample from station BPNS. ARMS deployed on 2023-10-23 collected on 2024-07-18. Size fraction MF100um,256318,metagenome,metagenome,biomass derived from sieving motile communities present in the retrieval tub of an autonomous reef monitoring structure through a 100 micrometre mesh [ENVO:01001900],autonomous reef monitoring structure [ENVO:01001855],2023-10-23 00:00:00,2024-07-18 00:00:00,CPOWERA,BPNS_CPowerA_Ha_231023_240718,Yes,DESS,Hanneloor Heynderickx,0000-0002-5611-837X,26,2,,MF,100,,,,2024-07-18 00:00:00,,-80,Hanneloor Heynderickx,0000-0002-5611-837X,NA,NA,NA,Y,NA,NA,NA,NA,NA,NA,NA,NA,,EMOBON_BPNS_Ha_48
ARMS_BelgiumCoast_CPowerA_20231023_20240718_MF500_1,EMOBON metagenome  sample from station BPNS. ARMS deployed on 2023-10-23 collected on 2024-07-18. Size fraction MF500um,256318,metagenome,metagenome,biomass derived from sieving motile communities present in the retrieval tub of an autonomous reef monitoring structure through a 500 micrometre mesh [ENVO:01001901],autonomous reef monitoring structure [ENVO:01001855],2023-10-23 00:00:00,2024-07-18 00:00:00,CPOWERA,BPNS_CPowerA_Ha_231023_240718,Yes,DESS,Hanneloor Heynderickx,0000-0002-5611-837X,26,1,,MF,500,,,,2024-07-18 00:00:00,,-80,Hanneloor Heynderickx,0000-0002-5611-837X,NA,NA,NA,N,2025-01-27 00:00:00,2025-02-03 00:00:00,-20,2025-05-19 00:00:00,2025-05-21 00:00:00,batch_6,,,,EMOBON_BPNS_Ha_49
ARMS_BelgiumCoast_CPowerA_20231023_20240718_MF500_2,EMOBON metagenome  sample from station BPNS. ARMS deployed on 2023-10-23 collected on 2024-07-18. Size fraction MF500um,256318,metagenome,metagenome,biomass derived from sieving motile communities present in the retrieval tub of an autonomous reef monitoring structure through a 500 micrometre mesh [ENVO:01001901],autonomous reef monitoring structure [ENVO:01001855],2023-10-23 00:00:00,2024-07-18 00:00:00,CPOWERA,BPNS_CPowerA_Ha_231023_240718,Yes,DESS,Hanneloor Heynderickx,0000-0002-5611-837X,26,2,,MF,500,,,,2024-07-18 00:00:00,,-80,Hanneloor Heynderickx,0000-0002-5611-837X,NA,NA,NA,Y,2025-01-27 00:00:00,2025-02-03 00:00:00,-20,NA,NA,NA,NA,not sequenced due to low budget; returned to BPNS on 24/11/2025,,EMOBON_BPNS_Ha_50
ARMS_BelgiumCoast_CPowerA_20231023_20240718_MF500_3,EMOBON metagenome  sample from station BPNS. ARMS deployed on 2023-10-23 collected on 2024-07-18. Size fraction MF500um,256318,metagenome,metagenome,biomass derived from sieving motile communities present in the retrieval tub of an autonomous reef monitoring structure through a 500 micrometre mesh [ENVO:01001901],autonomous reef monitoring structure [ENVO:01001855],2023-10-23 00:00:00,2024-07-18 00:00:00,CPOWERA,BPNS_CPowerA_Ha_231023_240718,Yes,DESS,Hanneloor Heynderickx,0000-0002-5611-837X,26,3,,MF,500,,,,2024-07-18 00:00:00,,-80,Hanneloor Heynderickx,0000-0002-5611-837X,NA,NA,NA,Y,2025-01-27 00:00:00,2025-02-03 00:00:00,-20,NA,NA,NA,NA,shipped by accident; returned to BPNS on 24/11/2025,,EMOBON_BPNS_Ha_51
ARMS_BelgiumCoast_CPowerB_20231023_20240718_SF40_1,EMOBON metagenome  sample from station BPNS. ARMS deployed on 2023-10-23 collected on 2024-07-18. Size fraction SF40um,256318,metagenome,metagenome,blended biomass derived from sessile communities colonising an autonomous reef monitoring structure [ENVO:01001863],autonomous reef monitoring structure [ENVO:01001855],2023-10-23 00:00:00,2024-07-18 00:00:00,CPOWERB,BPNS_CPowerB_Ha_231023_240718,Yes,DESS,Hanneloor Heynderickx,0000-0002-5611-837X,26,1,,SF,40,,,,2024-07-18 00:00:00,,-80,Hanneloor Heynderickx,0000-0002-5611-837X,NA,NA,Y,N,2025-01-27 00:00:00,2025-02-03 00:00:00,-20,2025-05-19 00:00:00,2025-05-21 00:00:00,batch_6,,,,EMOBON_BPNS_Ha_52
ARMS_BelgiumCoast_CPowerB_20231023_20240718_SF40_2,EMOBON metagenome  sample from station BPNS. ARMS deployed on 2023-10-23 collected on 2024-07-18. Size fraction SF40um,256318,metagenome,metagenome,blended biomass derived from sessile communities colonising an autonomous reef monitoring structure [ENVO:01001863],autonomous reef monitoring structure [ENVO:01001855],2023-10-23 00:00:00,2024-07-18 00:00:00,CPOWERB,BPNS_CPowerB_Ha_231023_240718,Yes,DESS,Hanneloor Heynderickx,0000-0002-5611-837X,26,2,,SF,40,,,,2024-07-18 00:00:00,,-80,Hanneloor Heynderickx,0000-0002-5611-837X,NA,NA,Y,Y,2025-01-27 00:00:00,2025-02-03 00:00:00,-20,NA,NA,NA,NA,not sequenced due to low budget; returned to BPNS on 24/11/2025,,EMOBON_BPNS_Ha_53
ARMS_BelgiumCoast_CPowerB_20231023_20240718_SF40_3,EMOBON metagenome  sample from station BPNS. ARMS deployed on 2023-10-23 collected on 2024-07-18. Size fraction SF40um,256318,metagenome,metagenome,blended biomass derived from sessile communities colonising an autonomous reef monitoring structure [ENVO:01001863],autonomous reef monitoring structure [ENVO:01001855],2023-10-23 00:00:00,2024-07-18 00:00:00,CPOWERB,BPNS_CPowerB_Ha_231023_240718,Yes,DESS,Hanneloor Heynderickx,0000-0002-5611-837X,26,3,,SF,40,,,,2024-07-18 00:00:00,,-80,Hanneloor Heynderickx,0000-0002-5611-837X,NA,NA,Y,Y,2025-01-27 00:00:00,2025-02-03 00:00:00,-20,NA,NA,NA,NA,shipped by accident; returned to BPNS on 24/11/2025,,EMOBON_BPNS_Ha_54
ARMS_BelgiumCoast_CPowerB_20231023_20240718_SF40_4,EMOBON metagenome  sample from station BPNS. ARMS deployed on 2023-10-23 collected on 2024-07-18. Size fraction SF40um,256318,metagenome,metagenome,blended biomass derived from sessile communities colonising an autonomous reef monitoring structure [ENVO:01001863],autonomous reef monitoring structure [ENVO:01001855],2023-10-23 00:00:00,2024-07-18 00:00:00,CPOWERB,BPNS_CPowerB_Ha_231023_240718,Yes,DESS,Hanneloor Heynderickx,0000-0002-5611-837X,26,4,,SF,40,,,,2024-07-18 00:00:00,,-80,Hanneloor Heynderickx,0000-0002-5611-837X,NA,NA,Y,Y,NA,NA,NA,NA,NA,NA,NA,,,EMOBON_BPNS_Ha_55
ARMS_BelgiumCoast_CPowerB_20231023_20240718_MF100_1,EMOBON metagenome  sample from station BPNS. ARMS deployed on 2023-10-23 collected on 2024-07-18. Size fraction MF100um,256318,metagenome,metagenome,biomass derived from sieving motile communities present in the retrieval tub of an autonomous reef monitoring structure through a 100 micrometre mesh [ENVO:01001900],autonomous reef monitoring structure [ENVO:01001855],2023-10-23 00:00:00,2024-07-18 00:00:00,CPOWERB,BPNS_CPowerB_Ha_231023_240718,Yes,DESS,Hanneloor Heynderickx,0000-0002-5611-837X,26,1,,MF,100,,,,2024-07-18 00:00:00,,-80,Hanneloor Heynderickx,0000-0002-5611-837X,NA,NA,NA,N,2025-01-27 00:00:00,2025-02-03 00:00:00,-20,2025-05-19 00:00:00,2025-05-21 00:00:00,batch_6,,,,EMOBON_BPNS_Ha_56
ARMS_BelgiumCoast_CPowerB_20231023_20240718_MF100_2,EMOBON metagenome  sample from station BPNS. ARMS deployed on 2023-10-23 collected on 2024-07-18. Size fraction MF100um,256318,metagenome,metagenome,biomass derived from sieving motile communities present in the retrieval tub of an autonomous reef monitoring structure through a 100 micrometre mesh [ENVO:01001900],autonomous reef monitoring structure [ENVO:01001855],2023-10-23 00:00:00,2024-07-18 00:00:00,CPOWERB,BPNS_CPowerB_Ha_231023_240718,Yes,DESS,Hanneloor Heynderickx,0000-0002-5611-837X,26,2,,MF,100,,,,2024-07-18 00:00:00,,-80,Hanneloor Heynderickx,0000-0002-5611-837X,NA,NA,NA,Y,NA,NA,NA,NA,NA,NA,NA,,,EMOBON_BPNS_Ha_57
ARMS_BelgiumCoast_CPowerB_20231023_20240718_MF500_1,EMOBON metagenome  sample from station BPNS. ARMS deployed on 2023-10-23 collected on 2024-07-18. Size fraction MF500um,256318,metagenome,metagenome,biomass derived from sieving motile communities present in the retrieval tub of an autonomous reef monitoring structure through a 500 micrometre mesh [ENVO:01001901],autonomous reef monitoring structure [ENVO:01001855],2023-10-23 00:00:00,2024-07-18 00:00:00,CPOWERB,BPNS_CPowerB_Ha_231023_240718,Yes,DESS,Hanneloor Heynderickx,0000-0002-5611-837X,26,1,,MF,500,,,,2024-07-18 00:00:00,,-80,Hanneloor Heynderickx,0000-0002-5611-837X,NA,NA,NA,N,2025-01-27 00:00:00,2025-02-03 00:00:00,-20,2025-05-19 00:00:00,2025-05-21 00:00:00,batch_6,,,,EMOBON_BPNS_Ha_58
ARMS_BelgiumCoast_CPowerB_20231023_20240718_MF500_2,EMOBON metagenome  sample from station BPNS. ARMS deployed on 2023-10-23 collected on 2024-07-18. Size fraction MF500um,256318,metagenome,metagenome,biomass derived from sieving motile communities present in the retrieval tub of an autonomous reef monitoring structure through a 500 micrometre mesh [ENVO:01001901],autonomous reef monitoring structure [ENVO:01001855],2023-10-23 00:00:00,2024-07-18 00:00:00,CPOWERB,BPNS_CPowerB_Ha_231023_240718,Yes,DESS,Hanneloor Heynderickx,0000-0002-5611-837X,26,2,,MF,500,,,,2024-07-18 00:00:00,,-80,Hanneloor Heynderickx,0000-0002-5611-837X,NA,NA,NA,Y,2025-01-27 00:00:00,2025-02-03 00:00:00,-20,NA,NA,NA,NA,not sequenced due to low budget; returned to BPNS on 24/11/2025,,EMOBON_BPNS_Ha_59
ARMS_BelgiumCoast_CPowerB_20231023_20240718_MF500_3,EMOBON metagenome  sample from station BPNS. ARMS deployed on 2023-10-23 collected on 2024-07-18. Size fraction MF500um,256318,metagenome,metagenome,biomass derived from sieving motile communities present in the retrieval tub of an autonomous reef monitoring structure through a 500 micrometre mesh [ENVO:01001901],autonomous reef monitoring structure [ENVO:01001855],2023-10-23 00:00:00,2024-07-18 00:00:00,CPOWERB,BPNS_CPowerB_Ha_231023_240718,Yes,DESS,Hanneloor Heynderickx,0000-0002-5611-837X,26,3,,MF,500,,,,2024-07-18 00:00:00,,-80,Hanneloor Heynderickx,0000-0002-5611-837X,NA,NA,NA,Y,2025-01-27 00:00:00,2025-02-03 00:00:00,-20,NA,NA,NA,NA,shipped by accident; returned to BPNS on 24/11/2025,,EMOBON_BPNS_Ha_60
ARMS_BelgiumCoast_CPowerC_20231023_20240718_SF40_1,EMOBON metagenome  sample from station BPNS. ARMS deployed on 2023-10-23 collected on 2024-07-18. Size fraction SF40um,256318,metagenome,metagenome,blended biomass derived from sessile communities colonising an autonomous reef monitoring structure [ENVO:01001863],autonomous reef monitoring structure [ENVO:01001855],2023-10-23 00:00:00,2024-07-18 00:00:00,CPOWERC,BPNS_CPowerC_Ha_231023_240718,Yes,DESS,Hanneloor Heynderickx,0000-0002-5611-837X,26,1,,SF,40,,,,2024-07-18 00:00:00,,-80,Hanneloor Heynderickx,0000-0002-5611-837X,NA,NA,Y,N,2025-01-27 00:00:00,2025-02-03 00:00:00,-20,2025-05-19 00:00:00,2025-05-21 00:00:00,batch_6,,,,EMOBON_BPNS_Ha_61
ARMS_BelgiumCoast_CPowerC_20231023_20240718_SF40_2,EMOBON metagenome  sample from station BPNS. ARMS deployed on 2023-10-23 collected on 2024-07-18. Size fraction SF40um,256318,metagenome,metagenome,blended biomass derived from sessile communities colonising an autonomous reef monitoring structure [ENVO:01001863],autonomous reef monitoring structure [ENVO:01001855],2023-10-23 00:00:00,2024-07-18 00:00:00,CPOWERC,BPNS_CPowerC_Ha_231023_240718,Yes,DESS,Hanneloor Heynderickx,0000-0002-5611-837X,26,2,,SF,40,,,,2024-07-18 00:00:00,,-80,Hanneloor Heynderickx,0000-0002-5611-837X,NA,NA,Y,Y,2025-01-27 00:00:00,2025-02-03 00:00:00,-20,NA,NA,NA,NA,not sequenced due to low budget; returned to BPNS on 24/11/2025,,EMOBON_BPNS_Ha_62
ARMS_BelgiumCoast_CPowerC_20231023_20240718_SF40_3,EMOBON metagenome  sample from station BPNS. ARMS deployed on 2023-10-23 collected on 2024-07-18. Size fraction SF40um,256318,metagenome,metagenome,blended biomass derived from sessile communities colonising an autonomous reef monitoring structure [ENVO:01001863],autonomous reef monitoring structure [ENVO:01001855],2023-10-23 00:00:00,2024-07-18 00:00:00,CPOWERC,BPNS_CPowerC_Ha_231023_240718,Yes,DESS,Hanneloor Heynderickx,0000-0002-5611-837X,26,3,,SF,40,,,,2024-07-18 00:00:00,,-80,Hanneloor Heynderickx,0000-0002-5611-837X,NA,NA,Y,Y,2025-01-27 00:00:00,2025-02-03 00:00:00,-20,NA,NA,NA,NA,shipped by accident; returned to BPNS on 24/11/2025,,EMOBON_BPNS_Ha_63
ARMS_BelgiumCoast_CPowerC_20231023_20240718_SF40_4,EMOBON metagenome  sample from station BPNS. ARMS deployed on 2023-10-23 collected on 2024-07-18. Size fraction SF40um,256318,metagenome,metagenome,blended biomass derived from sessile communities colonising an autonomous reef monitoring structure [ENVO:01001863],autonomous reef monitoring structure [ENVO:01001855],2023-10-23 00:00:00,2024-07-18 00:00:00,CPOWERC,BPNS_CPowerC_Ha_231023_240718,Yes,DESS,Hanneloor Heynderickx,0000-0002-5611-837X,26,4,,SF,40,,,,2024-07-18 00:00:00,,-80,Hanneloor Heynderickx,0000-0002-5611-837X,NA,NA,Y,Y,NA,NA,NA,NA,NA,NA,NA,,,EMOBON_BPNS_Ha_64
ARMS_BelgiumCoast_CPowerC_20231023_20240718_MF100_1,EMOBON metagenome  sample from station BPNS. ARMS deployed on 2023-10-23 collected on 2024-07-18. Size fraction MF100um,256318,metagenome,metagenome,biomass derived from sieving motile communities present in the retrieval tub of an autonomous reef monitoring structure through a 100 micrometre mesh [ENVO:01001900],autonomous reef monitoring structure [ENVO:01001855],2023-10-23 00:00:00,2024-07-18 00:00:00,CPOWERC,BPNS_CPowerC_Ha_231023_240718,Yes,DESS,Hanneloor Heynderickx,0000-0002-5611-837X,26,1,,MF,100,,,,2024-07-18 00:00:00,,-80,Hanneloor Heynderickx,0000-0002-5611-837X,NA,NA,NA,N,2025-01-27 00:00:00,2025-02-03 00:00:00,-20,2025-05-19 00:00:00,2025-05-21 00:00:00,batch_6,,,,EMOBON_BPNS_Ha_65
ARMS_BelgiumCoast_CPowerC_20231023_20240718_MF100_2,EMOBON metagenome  sample from station BPNS. ARMS deployed on 2023-10-23 collected on 2024-07-18. Size fraction MF100um,256318,metagenome,metagenome,biomass derived from sieving motile communities present in the retrieval tub of an autonomous reef monitoring structure through a 100 micrometre mesh [ENVO:01001900],autonomous reef monitoring structure [ENVO:01001855],2023-10-23 00:00:00,2024-07-18 00:00:00,CPOWERC,BPNS_CPowerC_Ha_231023_240718,Yes,DESS,Hanneloor Heynderickx,0000-0002-5611-837X,26,2,,MF,100,,,,2024-07-18 00:00:00,,-80,Hanneloor Heynderickx,0000-0002-5611-837X,NA,NA,NA,Y,2025-01-27 00:00:00,2025-02-03 00:00:00,-20,NA,NA,NA,NA,not sequenced due to low budget; returned to BPNS on 24/11/2025,,EMOBON_BPNS_Ha_66
ARMS_BelgiumCoast_CPowerC_20231023_20240718_MF100_3,EMOBON metagenome  sample from station BPNS. ARMS deployed on 2023-10-23 collected on 2024-07-18. Size fraction MF100um,256318,metagenome,metagenome,biomass derived from sieving motile communities present in the retrieval tub of an autonomous reef monitoring structure through a 100 micrometre mesh [ENVO:01001900],autonomous reef monitoring structure [ENVO:01001855],2023-10-23 00:00:00,2024-07-18 00:00:00,CPOWERC,BPNS_CPowerC_Ha_231023_240718,Yes,DESS,Hanneloor Heynderickx,0000-0002-5611-837X,26,3,,MF,100,,,,2024-07-18 00:00:00,,-80,Hanneloor Heynderickx,0000-0002-5611-837X,NA,NA,NA,Y,NA,NA,NA,NA,NA,NA,NA,,,EMOBON_BPNS_Ha_67
ARMS_BelgiumCoast_CPowerC_20231023_20240718_MF500_1,EMOBON metagenome  sample from station BPNS. ARMS deployed on 2023-10-23 collected on 2024-07-18. Size fraction MF500um,256318,metagenome,metagenome,biomass derived from sieving motile communities present in the retrieval tub of an autonomous reef monitoring structure through a 500 micrometre mesh [ENVO:01001901],autonomous reef monitoring structure [ENVO:01001855],2023-10-23 00:00:00,2024-07-18 00:00:00,CPOWERC,BPNS_CPowerC_Ha_231023_240718,Yes,DESS,Hanneloor Heynderickx,0000-0002-5611-837X,26,1,,MF,500,,,,2024-07-18 00:00:00,,-80,Hanneloor Heynderickx,0000-0002-5611-837X,NA,NA,NA,N,2025-01-27 00:00:00,2025-02-03 00:00:00,-20,2025-05-19 00:00:00,2025-05-21 00:00:00,batch_6,,,,EMOBON_BPNS_Ha_68
ARMS_BelgiumCoast_CPowerC_20231023_20240718_MF500_2,EMOBON metagenome  sample from station BPNS. ARMS deployed on 2023-10-23 collected on 2024-07-18. Size fraction MF500um,256318,metagenome,metagenome,biomass derived from sieving motile communities present in the retrieval tub of an autonomous reef monitoring structure through a 500 micrometre mesh [ENVO:01001901],autonomous reef monitoring structure [ENVO:01001855],2023-10-23 00:00:00,2024-07-18 00:00:00,CPOWERC,BPNS_CPowerC_Ha_231023_240718,Yes,DESS,Hanneloor Heynderickx,0000-0002-5611-837X,26,2,,MF,500,,,,2024-07-18 00:00:00,,-80,Hanneloor Heynderickx,0000-0002-5611-837X,NA,NA,NA,Y,2025-01-27 00:00:00,2025-02-03 00:00:00,-20,NA,NA,NA,NA,not sequenced due to low budget; returned to BPNS on 24/11/2025,,EMOBON_BPNS_Ha_69
ARMS_BelgiumCoast_CPowerC_20231023_20240718_MF500_3,EMOBON metagenome  sample from station BPNS. ARMS deployed on 2023-10-23 collected on 2024-07-18. Size fraction MF500um,256318,metagenome,metagenome,biomass derived from sieving motile communities present in the retrieval tub of an autonomous reef monitoring structure through a 500 micrometre mesh [ENVO:01001901],autonomous reef monitoring structure [ENVO:01001855],2023-10-23 00:00:00,2024-07-18 00:00:00,CPOWERC,BPNS_CPowerC_Ha_231023_240718,Yes,DESS,Hanneloor Heynderickx,0000-0002-5611-837X,26,3,,MF,500,,,,2024-07-18 00:00:00,,-80,Hanneloor Heynderickx,0000-0002-5611-837X,NA,NA,NA,Y,2025-01-27 00:00:00,2025-02-03 00:00:00,-20,NA,NA,NA,NA,shipped by accident; returned to BPNS on 24/11/2025,,EMOBON_BPNS_Ha_70
ARMS_BelgiumCoast_20231023_20240718_SF40_Blank,EMOBON metagenome  sample from station BPNS. ARMS deployed on 2023-10-23 collected on 2024-07-18. Size fraction SF40um,256318,metagenome,metagenome,cotton swab [OBI:0002821],autonomous reef monitoring structure [ENVO:01001855],2023-10-23 00:00:00,2024-07-18 00:00:00,Blank,,Yes,DESS,Hanneloor Heynderickx,0000-0002-5611-837X,26,Blank_1,,SF,40,,,,2024-07-18 00:00:00,,-80,Hanneloor Heynderickx,0000-0002-5611-837X,NA,NA,Y,N,2025-01-27 00:00:00,2025-02-03 00:00:00,-20,2025-05-19 00:00:00,2025-05-21 00:00:00,batch_6,,,,EMOBON_BPNS_Ha_71
ARMS_BelgiumCoast_20231023_20240718_MF100_Blank,EMOBON metagenome  sample from station BPNS. ARMS deployed on 2023-10-23 collected on 2024-07-18. Size fraction MF100um,256318,metagenome,metagenome,cotton swab [OBI:0002821],autonomous reef monitoring structure [ENVO:01001855],2023-10-23 00:00:00,2024-07-18 00:00:00,Blank,,Yes,DESS,Hanneloor Heynderickx,0000-0002-5611-837X,26,Blank_1,,MF,100,,,,2024-07-18 00:00:00,,-80,Hanneloor Heynderickx,0000-0002-5611-837X,NA,NA,NA,N,2025-01-27 00:00:00,2025-02-03 00:00:00,-20,2025-05-19 00:00:00,2025-05-21 00:00:00,batch_6,,,,EMOBON_BPNS_Ha_72
ARMS_BelgiumCoast_20231023_20240718_MF500_Blank,EMOBON metagenome  sample from station BPNS. ARMS deployed on 2023-10-23 collected on 2024-07-18. Size fraction MF500um,256318,metagenome,metagenome,cotton swab [OBI:0002821],autonomous reef monitoring structure [ENVO:01001855],2023-10-23 00:00:00,2024-07-18 00:00:00,Blank,,Yes,DESS,Hanneloor Heynderickx,0000-0002-5611-837X,26,Blank_1,,MF,500,,,,2024-07-18 00:00:00,,-80,Hanneloor Heynderickx,0000-0002-5611-837X,NA,NA,NA,N,2025-01-27 00:00:00,2025-02-03 00:00:00,-20,2025-05-19 00:00:00,2025-05-21 00:00:00,batch_6,,,,EMOBON_BPNS_Ha_73
ARMS_BelgiumCoast_CPowerA_20240718_20250611_SF40_1,EMOBON metagenome  sample from station BPNS. ARMS deployed on 2024-07-18 collected on 2025-06-11. Size fraction SF40um,256318,metagenome,metagenome,blended biomass derived from sessile communities colonising an autonomous reef monitoring structure [ENVO:01001863],autonomous reef monitoring structure [ENVO:01001855],2024-07-18 00:00:00,2025-06-11 00:00:00,CPOWERA,BPNS_CPowerA_Ha_20240718_20250611,Yes,DESS,Hanneloor Heynderickx,0000-0002-5611-837X,26,1,,SF,40,,,,2025-06-12 00:00:00,,-80,Hanneloor Heynderickx,0000-0002-5611-837X,NA,NA,Y,N,2025-10-07 00:00:00,2025-10-10 00:00:00,-20,2025-12-02 00:00:00,2025-12-04 00:00:00,batch_7,,,,EMOBON_BPNS_Ha_74
ARMS_BelgiumCoast_CPowerA_20240718_20250611_MF100_1,EMOBON metagenome  sample from station BPNS. ARMS deployed on 2024-07-18 collected on 2025-06-11. Size fraction MF100um,256318,metagenome,metagenome,biomass derived from sieving motile communities present in the retrieval tub of an autonomous reef monitoring structure through a 100 micrometre mesh [ENVO:01001900],autonomous reef monitoring structure [ENVO:01001855],2024-07-18 00:00:00,2025-06-11 00:00:00,CPOWERA,BPNS_CPowerA_Ha_20240718_20250611,Yes,DESS,Hanneloor Heynderickx,0000-0002-5611-837X,26,1,,MF,100,,,,2025-06-12 00:00:00,,-80,Hanneloor Heynderickx,0000-0002-5611-837X,NA,NA,NA,N,2025-10-07 00:00:00,2025-10-10 00:00:00,-20,2025-12-02 00:00:00,2025-12-04 00:00:00,batch_7,,,,EMOBON_BPNS_Ha_75
ARMS_BelgiumCoast_CPowerA_20240718_20250611_MF500_1,EMOBON metagenome  sample from station BPNS. ARMS deployed on 2024-07-18 collected on 2025-06-11. Size fraction MF500um,256318,metagenome,metagenome,biomass derived from sieving motile communities present in the retrieval tub of an autonomous reef monitoring structure through a 500 micrometre mesh [ENVO:01001901],autonomous reef monitoring structure [ENVO:01001855],2024-07-18 00:00:00,2025-06-11 00:00:00,CPOWERA,BPNS_CPowerA_Ha_20240718_20250611,Yes,DESS,Hanneloor Heynderickx,0000-0002-5611-837X,26,1,,MF,500,,,,2025-06-12 00:00:00,,-80,Hanneloor Heynderickx,0000-0002-5611-837X,NA,NA,NA,N,2025-10-07 00:00:00,2025-10-10 00:00:00,-20,2025-12-02 00:00:00,2025-12-04 00:00:00,batch_7,,,,EMOBON_BPNS_Ha_76
ARMS_BelgiumCoast_CPowerB_20240718_20250611_SF40_1,EMOBON metagenome  sample from station BPNS. ARMS deployed on 2024-07-18 collected on 2025-06-11. Size fraction SF40um,256318,metagenome,metagenome,blended biomass derived from sessile communities colonising an autonomous reef monitoring structure [ENVO:01001863],autonomous reef monitoring structure [ENVO:01001855],2024-07-18 00:00:00,2025-06-11 00:00:00,CPOWERB,BPNS_CPowerB_Ha_20240718_20250611,Yes,DESS,Hanneloor Heynderickx,0000-0002-5611-837X,26,1,,SF,40,,,,2025-06-12 00:00:00,,-80,Hanneloor Heynderickx,0000-0002-5611-837X,NA,NA,Y,N,2025-10-07 00:00:00,2025-10-10 00:00:00,-20,2025-12-02 00:00:00,2025-12-04 00:00:00,batch_7,,,,EMOBON_BPNS_Ha_77
ARMS_BelgiumCoast_CPowerB_20240718_20250611_MF100_1,EMOBON metagenome  sample from station BPNS. ARMS deployed on 2024-07-18 collected on 2025-06-11. Size fraction MF100um,256318,metagenome,metagenome,biomass derived from sieving motile communities present in the retrieval tub of an autonomous reef monitoring structure through a 100 micrometre mesh [ENVO:01001900],autonomous reef monitoring structure [ENVO:01001855],2024-07-18 00:00:00,2025-06-11 00:00:00,CPOWERB,BPNS_CPowerB_Ha_20240718_20250611,Yes,DESS,Hanneloor Heynderickx,0000-0002-5611-837X,26,1,,MF,100,,,,2025-06-12 00:00:00,,-80,Hanneloor Heynderickx,0000-0002-5611-837X,NA,NA,NA,N,2025-10-07 00:00:00,2025-10-10 00:00:00,-20,2025-12-02 00:00:00,2025-12-04 00:00:00,batch_7,,,,EMOBON_BPNS_Ha_78
ARMS_BelgiumCoast_CPowerB_20240718_20250611_MF500_1,EMOBON metagenome  sample from station BPNS. ARMS deployed on 2024-07-18 collected on 2025-06-11. Size fraction MF500um,256318,metagenome,metagenome,biomass derived from sieving motile communities present in the retrieval tub of an autonomous reef monitoring structure through a 500 micrometre mesh [ENVO:01001901],autonomous reef monitoring structure [ENVO:01001855],2024-07-18 00:00:00,2025-06-11 00:00:00,CPOWERB,BPNS_CPowerB_Ha_20240718_20250611,Yes,DESS,Hanneloor Heynderickx,0000-0002-5611-837X,26,1,,MF,500,,,,2025-06-12 00:00:00,,-80,Hanneloor Heynderickx,0000-0002-5611-837X,NA,NA,NA,N,2025-10-07 00:00:00,2025-10-10 00:00:00,-20,2025-12-02 00:00:00,2025-12-04 00:00:00,batch_7,,,,EMOBON_BPNS_Ha_79
ARMS_BelgiumCoast_CPowerC_20240718_20250611_SF40_1,EMOBON metagenome  sample from station BPNS. ARMS deployed on 2024-07-18 collected on 2025-06-11. Size fraction SF40um,256318,metagenome,metagenome,blended biomass derived from sessile communities colonising an autonomous reef monitoring structure [ENVO:01001863],autonomous reef monitoring structure [ENVO:01001855],2024-07-18 00:00:00,2025-06-11 00:00:00,CPOWERC,BPNS_CPowerC_Ha_20240718_20250611,Yes,DESS,Hanneloor Heynderickx,0000-0002-5611-837X,26,1,,SF,40,,,,2025-06-12 00:00:00,,-80,Hanneloor Heynderickx,0000-0002-5611-837X,NA,NA,Y,N,2025-10-07 00:00:00,2025-10-10 00:00:00,-20,2025-12-02 00:00:00,2025-12-04 00:00:00,batch_7,,,,EMOBON_BPNS_Ha_80
ARMS_BelgiumCoast_CPowerC_20240718_20250611_MF100_1,EMOBON metagenome  sample from station BPNS. ARMS deployed on 2024-07-18 collected on 2025-06-11. Size fraction MF100um,256318,metagenome,metagenome,biomass derived from sieving motile communities present in the retrieval tub of an autonomous reef monitoring structure through a 100 micrometre mesh [ENVO:01001900],autonomous reef monitoring structure [ENVO:01001855],2024-07-18 00:00:00,2025-06-11 00:00:00,CPOWERC,BPNS_CPowerC_Ha_20240718_20250611,Yes,DESS,Hanneloor Heynderickx,0000-0002-5611-837X,26,1,,MF,100,,,,2025-06-12 00:00:00,,-80,Hanneloor Heynderickx,0000-0002-5611-837X,NA,NA,NA,N,2025-10-07 00:00:00,2025-10-10 00:00:00,-20,2025-12-02 00:00:00,2025-12-04 00:00:00,batch_7,,,,EMOBON_BPNS_Ha_81
ARMS_BelgiumCoast_CPowerC_20240718_20250611_MF500_1,EMOBON metagenome  sample from station BPNS. ARMS deployed on 2024-07-18 collected on 2025-06-11. Size fraction MF500um,256318,metagenome,metagenome,biomass derived from sieving motile communities present in the retrieval tub of an autonomous reef monitoring structure through a 500 micrometre mesh [ENVO:01001901],autonomous reef monitoring structure [ENVO:01001855],2024-07-18 00:00:00,2025-06-11 00:00:00,CPOWERC,BPNS_CPowerC_Ha_20240718_20250611,Yes,DESS,Hanneloor Heynderickx,0000-0002-5611-837X,26,1,,MF,500,,,,2025-06-12 00:00:00,,-80,Hanneloor Heynderickx,0000-0002-5611-837X,NA,NA,NA,N,2025-10-07 00:00:00,2025-10-10 00:00:00,-20,2025-12-02 00:00:00,2025-12-04 00:00:00,batch_7,,,,EMOBON_BPNS_Ha_82
ARMS_BelgiumCoast_CPowerA_20240718_20250611_SF40_2,EMOBON metagenome  sample from station BPNS. ARMS deployed on 2024-07-18 collected on 2025-06-11. Size fraction SF40um,256318,metagenome,metagenome,blended biomass derived from sessile communities colonising an autonomous reef monitoring structure [ENVO:01001863],autonomous reef monitoring structure [ENVO:01001855],2024-07-18 00:00:00,2025-06-11 00:00:00,CPOWERA,BPNS_CPowerA_Ha_20240718_20250611,Yes,DESS,Hanneloor Heynderickx,0000-0002-5611-837X,26,2,,SF,40,,,,2025-06-12 00:00:00,,-80,Hanneloor Heynderickx,0000-0002-5611-837X,NA,NA,Y,Y,NA,NA,NA,NA,NA,NA,,,,EMOBON_BPNS_Ha_83
ARMS_BelgiumCoast_CPowerA_20240718_20250611_SF40_3,EMOBON metagenome  sample from station BPNS. ARMS deployed on 2024-07-18 collected on 2025-06-11. Size fraction SF40um,256318,metagenome,metagenome,blended biomass derived from sessile communities colonising an autonomous reef monitoring structure [ENVO:01001863],autonomous reef monitoring structure [ENVO:01001855],2024-07-18 00:00:00,2025-06-11 00:00:00,CPOWERA,BPNS_CPowerA_Ha_20240718_20250611,Yes,DESS,Hanneloor Heynderickx,0000-0002-5611-837X,26,3,,SF,40,,,,2025-06-12 00:00:00,,-80,Hanneloor Heynderickx,0000-0002-5611-837X,NA,NA,Y,Y,NA,NA,NA,NA,NA,NA,,,,EMOBON_BPNS_Ha_84
ARMS_BelgiumCoast_CPowerA_20240718_20250611_SF40_4,EMOBON metagenome  sample from station BPNS. ARMS deployed on 2024-07-18 collected on 2025-06-11. Size fraction SF40um,256318,metagenome,metagenome,blended biomass derived from sessile communities colonising an autonomous reef monitoring structure [ENVO:01001863],autonomous reef monitoring structure [ENVO:01001855],2024-07-18 00:00:00,2025-06-11 00:00:00,CPOWERA,BPNS_CPowerA_Ha_20240718_20250611,Yes,DESS,Hanneloor Heynderickx,0000-0002-5611-837X,26,4,,SF,40,,,,2025-06-12 00:00:00,,-80,Hanneloor Heynderickx,0000-0002-5611-837X,NA,NA,Y,Y,NA,NA,NA,NA,NA,NA,,,,EMOBON_BPNS_Ha_85
ARMS_BelgiumCoast_CPowerA_20240718_20250611_MF100_2,EMOBON metagenome  sample from station BPNS. ARMS deployed on 2024-07-18 collected on 2025-06-11. Size fraction MF100um,256318,metagenome,metagenome,biomass derived from sieving motile communities present in the retrieval tub of an autonomous reef monitoring structure through a 100 micrometre mesh [ENVO:01001900],autonomous reef monitoring structure [ENVO:01001855],2024-07-18 00:00:00,2025-06-11 00:00:00,CPOWERA,BPNS_CPowerA_Ha_20240718_20250611,Yes,DESS,Hanneloor Heynderickx,0000-0002-5611-837X,26,2,,MF,100,,,,2025-06-12 00:00:00,,-80,Hanneloor Heynderickx,0000-0002-5611-837X,NA,NA,NA,Y,NA,NA,NA,NA,NA,NA,,,,EMOBON_BPNS_Ha_86
ARMS_BelgiumCoast_CPowerA_20240718_20250611_MF100_3,EMOBON metagenome  sample from station BPNS. ARMS deployed on 2024-07-18 collected on 2025-06-11. Size fraction MF100um,256318,metagenome,metagenome,biomass derived from sieving motile communities present in the retrieval tub of an autonomous reef monitoring structure through a 100 micrometre mesh [ENVO:01001900],autonomous reef monitoring structure [ENVO:01001855],2024-07-18 00:00:00,2025-06-11 00:00:00,CPOWERA,BPNS_CPowerA_Ha_20240718_20250611,Yes,DESS,Hanneloor Heynderickx,0000-0002-5611-837X,26,3,,MF,100,,,,2025-06-12 00:00:00,,-80,Hanneloor Heynderickx,0000-0002-5611-837X,NA,NA,NA,Y,NA,NA,NA,NA,NA,NA,,,,EMOBON_BPNS_Ha_87
ARMS_BelgiumCoast_CPowerA_20240718_20250611_MF100_4,EMOBON metagenome  sample from station BPNS. ARMS deployed on 2024-07-18 collected on 2025-06-11. Size fraction MF100um,256318,metagenome,metagenome,biomass derived from sieving motile communities present in the retrieval tub of an autonomous reef monitoring structure through a 100 micrometre mesh [ENVO:01001900],autonomous reef monitoring structure [ENVO:01001855],2024-07-18 00:00:00,2025-06-11 00:00:00,CPOWERA,BPNS_CPowerA_Ha_20240718_20250611,Yes,DESS,Hanneloor Heynderickx,0000-0002-5611-837X,26,4,,MF,100,,,,2025-06-12 00:00:00,,-80,Hanneloor Heynderickx,0000-0002-5611-837X,NA,NA,NA,Y,NA,NA,NA,NA,NA,NA,,,,EMOBON_BPNS_Ha_88
ARMS_BelgiumCoast_CPowerA_20240718_20250611_MF500_2,EMOBON metagenome  sample from station BPNS. ARMS deployed on 2024-07-18 collected on 2025-06-11. Size fraction MF500um,256318,metagenome,metagenome,biomass derived from sieving motile communities present in the retrieval tub of an autonomous reef monitoring structure through a 500 micrometre mesh [ENVO:01001901],autonomous reef monitoring structure [ENVO:01001855],2024-07-18 00:00:00,2025-06-11 00:00:00,CPOWERA,BPNS_CPowerA_Ha_20240718_20250611,Yes,DESS,Hanneloor Heynderickx,0000-0002-5611-837X,26,2,,MF,500,,,,2025-06-12 00:00:00,,-80,Hanneloor Heynderickx,0000-0002-5611-837X,NA,NA,NA,Y,NA,NA,NA,NA,NA,NA,,,,EMOBON_BPNS_Ha_89
ARMS_BelgiumCoast_CPowerA_20240718_20250611_MF500_3,EMOBON metagenome  sample from station BPNS. ARMS deployed on 2024-07-18 collected on 2025-06-11. Size fraction MF500um,256318,metagenome,metagenome,biomass derived from sieving motile communities present in the retrieval tub of an autonomous reef monitoring structure through a 500 micrometre mesh [ENVO:01001901],autonomous reef monitoring structure [ENVO:01001855],2024-07-18 00:00:00,2025-06-11 00:00:00,CPOWERA,BPNS_CPowerA_Ha_20240718_20250611,Yes,DESS,Hanneloor Heynderickx,0000-0002-5611-837X,26,3,,MF,500,,,,2025-06-12 00:00:00,,-80,Hanneloor Heynderickx,0000-0002-5611-837X,NA,NA,NA,Y,NA,NA,NA,NA,NA,NA,,,,EMOBON_BPNS_Ha_90
ARMS_BelgiumCoast_CPowerA_20240718_20250611_MF500_4,EMOBON metagenome  sample from station BPNS. ARMS deployed on 2024-07-18 collected on 2025-06-11. Size fraction MF500um,256318,metagenome,metagenome,biomass derived from sieving motile communities present in the retrieval tub of an autonomous reef monitoring structure through a 500 micrometre mesh [ENVO:01001901],autonomous reef monitoring structure [ENVO:01001855],2024-07-18 00:00:00,2025-06-11 00:00:00,CPOWERA,BPNS_CPowerA_Ha_20240718_20250611,Yes,DESS,Hanneloor Heynderickx,0000-0002-5611-837X,26,4,,MF,500,,,,2025-06-12 00:00:00,,-80,Hanneloor Heynderickx,0000-0002-5611-837X,NA,NA,NA,Y,NA,NA,NA,NA,NA,NA,,,,EMOBON_BPNS_Ha_91
ARMS_BelgiumCoast_CPowerB_20240718_20250611_SF40_2,EMOBON metagenome  sample from station BPNS. ARMS deployed on 2024-07-18 collected on 2025-06-11. Size fraction SF40um,256318,metagenome,metagenome,blended biomass derived from sessile communities colonising an autonomous reef monitoring structure [ENVO:01001863],autonomous reef monitoring structure [ENVO:01001855],2024-07-18 00:00:00,2025-06-11 00:00:00,CPOWERB,BPNS_CPowerB_Ha_20240718_20250611,Yes,DESS,Hanneloor Heynderickx,0000-0002-5611-837X,26,2,,SF,40,,,,2025-06-12 00:00:00,,-80,Hanneloor Heynderickx,0000-0002-5611-837X,NA,NA,Y,Y,NA,NA,NA,NA,NA,NA,,,,EMOBON_BPNS_Ha_92
ARMS_BelgiumCoast_CPowerB_20240718_20250611_SF40_2,EMOBON metagenome  sample from station BPNS. ARMS deployed on 2024-07-18 collected on 2025-06-11. Size fraction SF40um,256318,metagenome,metagenome,blended biomass derived from sessile communities colonising an autonomous reef monitoring structure [ENVO:01001863],autonomous reef monitoring structure [ENVO:01001855],2024-07-18 00:00:00,2025-06-11 00:00:00,CPOWERB,BPNS_CPowerB_Ha_20240718_20250611,Yes,DESS,Hanneloor Heynderickx,0000-0002-5611-837X,26,3,,SF,40,,,,2025-06-12 00:00:00,,-80,Hanneloor Heynderickx,0000-0002-5611-837X,NA,NA,Y,Y,NA,NA,NA,NA,NA,NA,,,,EMOBON_BPNS_Ha_93
ARMS_BelgiumCoast_CPowerB_20240718_20250611_SF40_2,EMOBON metagenome  sample from station BPNS. ARMS deployed on 2024-07-18 collected on 2025-06-11. Size fraction SF40um,256318,metagenome,metagenome,blended biomass derived from sessile communities colonising an autonomous reef monitoring structure [ENVO:01001863],autonomous reef monitoring structure [ENVO:01001855],2024-07-18 00:00:00,2025-06-11 00:00:00,CPOWERB,BPNS_CPowerB_Ha_20240718_20250611,Yes,DESS,Hanneloor Heynderickx,0000-0002-5611-837X,26,4,,SF,40,,,,2025-06-12 00:00:00,,-80,Hanneloor Heynderickx,0000-0002-5611-837X,NA,NA,Y,Y,NA,NA,NA,NA,NA,NA,,,,EMOBON_BPNS_Ha_94
ARMS_BelgiumCoast_CPowerB_20240718_20250611_MF100_2,EMOBON metagenome  sample from station BPNS. ARMS deployed on 2024-07-18 collected on 2025-06-11. Size fraction MF100um,256318,metagenome,metagenome,biomass derived from sieving motile communities present in the retrieval tub of an autonomous reef monitoring structure through a 100 micrometre mesh [ENVO:01001900],autonomous reef monitoring structure [ENVO:01001855],2024-07-18 00:00:00,2025-06-11 00:00:00,CPOWERB,BPNS_CPowerB_Ha_20240718_20250611,Yes,DESS,Hanneloor Heynderickx,0000-0002-5611-837X,26,2,,MF,100,,,,2025-06-12 00:00:00,,-80,Hanneloor Heynderickx,0000-0002-5611-837X,NA,NA,NA,Y,NA,NA,NA,NA,NA,NA,,,,EMOBON_BPNS_Ha_95
ARMS_BelgiumCoast_CPowerB_20240718_20250611_MF100_3,EMOBON metagenome  sample from station BPNS. ARMS deployed on 2024-07-18 collected on 2025-06-11. Size fraction MF100um,256318,metagenome,metagenome,biomass derived from sieving motile communities present in the retrieval tub of an autonomous reef monitoring structure through a 100 micrometre mesh [ENVO:01001900],autonomous reef monitoring structure [ENVO:01001855],2024-07-18 00:00:00,2025-06-11 00:00:00,CPOWERB,BPNS_CPowerB_Ha_20240718_20250611,Yes,DESS,Hanneloor Heynderickx,0000-0002-5611-837X,26,3,,MF,100,,,,2025-06-12 00:00:00,,-80,Hanneloor Heynderickx,0000-0002-5611-837X,NA,NA,NA,Y,NA,NA,NA,NA,NA,NA,,,,EMOBON_BPNS_Ha_96
ARMS_BelgiumCoast_CPowerB_20240718_20250611_MF100_4,EMOBON metagenome  sample from station BPNS. ARMS deployed on 2024-07-18 collected on 2025-06-11. Size fraction MF100um,256318,metagenome,metagenome,biomass derived from sieving motile communities present in the retrieval tub of an autonomous reef monitoring structure through a 100 micrometre mesh [ENVO:01001900],autonomous reef monitoring structure [ENVO:01001855],2024-07-18 00:00:00,2025-06-11 00:00:00,CPOWERB,BPNS_CPowerB_Ha_20240718_20250611,Yes,DESS,Hanneloor Heynderickx,0000-0002-5611-837X,26,4,,MF,100,,,,2025-06-12 00:00:00,,-80,Hanneloor Heynderickx,0000-0002-5611-837X,NA,NA,NA,Y,NA,NA,NA,NA,NA,NA,,,,EMOBON_BPNS_Ha_97
ARMS_BelgiumCoast_CPowerB_20240718_20250611_MF500_2,EMOBON metagenome  sample from station BPNS. ARMS deployed on 2024-07-18 collected on 2025-06-11. Size fraction MF500um,256318,metagenome,metagenome,biomass derived from sieving motile communities present in the retrieval tub of an autonomous reef monitoring structure through a 500 micrometre mesh [ENVO:01001901],autonomous reef monitoring structure [ENVO:01001855],2024-07-18 00:00:00,2025-06-11 00:00:00,CPOWERB,BPNS_CPowerB_Ha_20240718_20250611,Yes,DESS,Hanneloor Heynderickx,0000-0002-5611-837X,26,2,,MF,500,,,,2025-06-12 00:00:00,,-80,Hanneloor Heynderickx,0000-0002-5611-837X,NA,NA,NA,Y,NA,NA,NA,NA,NA,NA,,,,EMOBON_BPNS_Ha_98
ARMS_BelgiumCoast_CPowerB_20240718_20250611_MF500_3,EMOBON metagenome  sample from station BPNS. ARMS deployed on 2024-07-18 collected on 2025-06-11. Size fraction MF500um,256318,metagenome,metagenome,biomass derived from sieving motile communities present in the retrieval tub of an autonomous reef monitoring structure through a 500 micrometre mesh [ENVO:01001901],autonomous reef monitoring structure [ENVO:01001855],2024-07-18 00:00:00,2025-06-11 00:00:00,CPOWERB,BPNS_CPowerB_Ha_20240718_20250611,Yes,DESS,Hanneloor Heynderickx,0000-0002-5611-837X,26,3,,MF,500,,,,2025-06-12 00:00:00,,-80,Hanneloor Heynderickx,0000-0002-5611-837X,NA,NA,NA,Y,NA,NA,NA,NA,NA,NA,,,,EMOBON_BPNS_Ha_99
ARMS_BelgiumCoast_CPowerB_20240718_20250611_MF500_4,EMOBON metagenome  sample from station BPNS. ARMS deployed on 2024-07-18 collected on 2025-06-11. Size fraction MF500um,256318,metagenome,metagenome,biomass derived from sieving motile communities present in the retrieval tub of an autonomous reef monitoring structure through a 500 micrometre mesh [ENVO:01001901],autonomous reef monitoring structure [ENVO:01001855],2024-07-18 00:00:00,2025-06-11 00:00:00,CPOWERB,BPNS_CPowerB_Ha_20240718_20250611,Yes,DESS,Hanneloor Heynderickx,0000-0002-5611-837X,26,4,,MF,500,,,,2025-06-12 00:00:00,,-80,Hanneloor Heynderickx,0000-0002-5611-837X,NA,NA,NA,Y,NA,NA,NA,NA,NA,NA,,,,EMOBON_BPNS_Ha_100
ARMS_BelgiumCoast_CPowerC_20240718_20250611_SF40_2,EMOBON metagenome  sample from station BPNS. ARMS deployed on 2024-07-18 collected on 2025-06-11. Size fraction SF40um,256318,metagenome,metagenome,blended biomass derived from sessile communities colonising an autonomous reef monitoring structure [ENVO:01001863],autonomous reef monitoring structure [ENVO:01001855],2024-07-18 00:00:00,2025-06-11 00:00:00,CPOWERC,BPNS_CPowerC_Ha_20240718_20250611,Yes,DESS,Hanneloor Heynderickx,0000-0002-5611-837X,26,2,,SF,40,,,,2025-06-12 00:00:00,,-80,Hanneloor Heynderickx,0000-0002-5611-837X,NA,NA,Y,Y,NA,NA,NA,NA,NA,NA,,,,EMOBON_BPNS_Ha_101
ARMS_BelgiumCoast_CPowerC_20240718_20250611_SF40_2,EMOBON metagenome  sample from station BPNS. ARMS deployed on 2024-07-18 collected on 2025-06-11. Size fraction SF40um,256318,metagenome,metagenome,blended biomass derived from sessile communities colonising an autonomous reef monitoring structure [ENVO:01001863],autonomous reef monitoring structure [ENVO:01001855],2024-07-18 00:00:00,2025-06-11 00:00:00,CPOWERC,BPNS_CPowerC_Ha_20240718_20250611,Yes,DESS,Hanneloor Heynderickx,0000-0002-5611-837X,26,3,,SF,40,,,,2025-06-12 00:00:00,,-80,Hanneloor Heynderickx,0000-0002-5611-837X,NA,NA,Y,Y,NA,NA,NA,NA,NA,NA,,,,EMOBON_BPNS_Ha_102
ARMS_BelgiumCoast_CPowerC_20240718_20250611_SF40_2,EMOBON metagenome  sample from station BPNS. ARMS deployed on 2024-07-18 collected on 2025-06-11. Size fraction SF40um,256318,metagenome,metagenome,blended biomass derived from sessile communities colonising an autonomous reef monitoring structure [ENVO:01001863],autonomous reef monitoring structure [ENVO:01001855],2024-07-18 00:00:00,2025-06-11 00:00:00,CPOWERC,BPNS_CPowerC_Ha_20240718_20250611,Yes,DESS,Hanneloor Heynderickx,0000-0002-5611-837X,26,4,,SF,40,,,,2025-06-12 00:00:00,,-80,Hanneloor Heynderickx,0000-0002-5611-837X,NA,NA,Y,Y,NA,NA,NA,NA,NA,NA,,,,EMOBON_BPNS_Ha_103
ARMS_BelgiumCoast_CPowerC_20240718_20250611_MF100_2,EMOBON metagenome  sample from station BPNS. ARMS deployed on 2024-07-18 collected on 2025-06-11. Size fraction MF100um,256318,metagenome,metagenome,biomass derived from sieving motile communities present in the retrieval tub of an autonomous reef monitoring structure through a 100 micrometre mesh [ENVO:01001900],autonomous reef monitoring structure [ENVO:01001855],2024-07-18 00:00:00,2025-06-11 00:00:00,CPOWERC,BPNS_CPowerC_Ha_20240718_20250611,Yes,DESS,Hanneloor Heynderickx,0000-0002-5611-837X,26,2,,MF,100,,,,2025-06-12 00:00:00,,-80,Hanneloor Heynderickx,0000-0002-5611-837X,NA,NA,NA,Y,NA,NA,NA,NA,NA,NA,,,,EMOBON_BPNS_Ha_104
ARMS_BelgiumCoast_CPowerC_20240718_20250611_MF100_3,EMOBON metagenome  sample from station BPNS. ARMS deployed on 2024-07-18 collected on 2025-06-11. Size fraction MF100um,256318,metagenome,metagenome,biomass derived from sieving motile communities present in the retrieval tub of an autonomous reef monitoring structure through a 100 micrometre mesh [ENVO:01001900],autonomous reef monitoring structure [ENVO:01001855],2024-07-18 00:00:00,2025-06-11 00:00:00,CPOWERC,BPNS_CPowerC_Ha_20240718_20250611,Yes,DESS,Hanneloor Heynderickx,0000-0002-5611-837X,26,3,,MF,100,,,,2025-06-12 00:00:00,,-80,Hanneloor Heynderickx,0000-0002-5611-837X,NA,NA,NA,Y,NA,NA,NA,NA,NA,NA,,,,EMOBON_BPNS_Ha_105
ARMS_BelgiumCoast_CPowerC_20240718_20250611_MF100_4,EMOBON metagenome  sample from station BPNS. ARMS deployed on 2024-07-18 collected on 2025-06-11. Size fraction MF100um,256318,metagenome,metagenome,biomass derived from sieving motile communities present in the retrieval tub of an autonomous reef monitoring structure through a 100 micrometre mesh [ENVO:01001900],autonomous reef monitoring structure [ENVO:01001855],2024-07-18 00:00:00,2025-06-11 00:00:00,CPOWERC,BPNS_CPowerC_Ha_20240718_20250611,Yes,DESS,Hanneloor Heynderickx,0000-0002-5611-837X,26,4,,MF,100,,,,2025-06-12 00:00:00,,-80,Hanneloor Heynderickx,0000-0002-5611-837X,NA,NA,NA,Y,NA,NA,NA,NA,NA,NA,,,,EMOBON_BPNS_Ha_106
ARMS_BelgiumCoast_CPowerC_20240718_20250611_MF500_2,EMOBON metagenome  sample from station BPNS. ARMS deployed on 2024-07-18 collected on 2025-06-11. Size fraction MF500um,256318,metagenome,metagenome,biomass derived from sieving motile communities present in the retrieval tub of an autonomous reef monitoring structure through a 500 micrometre mesh [ENVO:01001901],autonomous reef monitoring structure [ENVO:01001855],2024-07-18 00:00:00,2025-06-11 00:00:00,CPOWERC,BPNS_CPowerC_Ha_20240718_20250611,Yes,DESS,Hanneloor Heynderickx,0000-0002-5611-837X,26,2,,MF,500,,,,2025-06-12 00:00:00,,-80,Hanneloor Heynderickx,0000-0002-5611-837X,NA,NA,NA,Y,NA,NA,NA,NA,NA,NA,,,,EMOBON_BPNS_Ha_107
ARMS_BelgiumCoast_CPowerC_20240718_20250611_MF500_3,EMOBON metagenome  sample from station BPNS. ARMS deployed on 2024-07-18 collected on 2025-06-11. Size fraction MF500um,256318,metagenome,metagenome,biomass derived from sieving motile communities present in the retrieval tub of an autonomous reef monitoring structure through a 500 micrometre mesh [ENVO:01001901],autonomous reef monitoring structure [ENVO:01001855],2024-07-18 00:00:00,2025-06-11 00:00:00,CPOWERC,BPNS_CPowerC_Ha_20240718_20250611,Yes,DESS,Hanneloor Heynderickx,0000-0002-5611-837X,26,3,,MF,500,,,,2025-06-12 00:00:00,,-80,Hanneloor Heynderickx,0000-0002-5611-837X,NA,NA,NA,Y,NA,NA,NA,NA,NA,NA,,,,EMOBON_BPNS_Ha_108
ARMS_BelgiumCoast_CPowerC_20240718_20250611_MF500_4,EMOBON metagenome  sample from station BPNS. ARMS deployed on 2024-07-18 collected on 2025-06-11. Size fraction MF500um,256318,metagenome,metagenome,biomass derived from sieving motile communities present in the retrieval tub of an autonomous reef monitoring structure through a 500 micrometre mesh [ENVO:01001901],autonomous reef monitoring structure [ENVO:01001855],2024-07-18 00:00:00,2025-06-11 00:00:00,CPOWERC,BPNS_CPowerC_Ha_20240718_20250611,Yes,DESS,Hanneloor Heynderickx,0000-0002-5611-837X,26,4,,MF,500,,,,2025-06-12 00:00:00,,-80,Hanneloor Heynderickx,0000-0002-5611-837X,NA,NA,NA,Y,NA,NA,NA,NA,NA,NA,,,,EMOBON_BPNS_Ha_109
ARMS_BelgiumCoast_20240718_20250611_SF40_Blank,EMOBON metagenome  sample from station BPNS. ARMS deployed on 2023-10-23 collected on 2024-07-18. Size fraction SF40um,256318,metagenome,metagenome,cotton swab [OBI:0002821],autonomous reef monitoring structure [ENVO:01001855],2023-10-23 00:00:00,2024-07-18 00:00:00,Blank,,Yes,DESS,Hanneloor Heynderickx,0000-0002-5611-837X,26,Blank_1,,SF,40,,,,2024-07-18 00:00:00,,-80,Hanneloor Heynderickx,0000-0002-5611-837X,NA,NA,Y,Y,NA,NA,NA,NA,NA,NA,,,,EMOBON_BPNS_Ha_110
ARMS_BelgiumCoast_20240718_20250611_MF100_Blank,EMOBON metagenome  sample from station BPNS. ARMS deployed on 2023-10-23 collected on 2024-07-18. Size fraction MF100um,256318,metagenome,metagenome,cotton swab [OBI:0002821],autonomous reef monitoring structure [ENVO:01001855],2023-10-23 00:00:00,2024-07-18 00:00:00,Blank,,Yes,DESS,Hanneloor Heynderickx,0000-0002-5611-837X,26,Blank_1,,MF,100,,,,2024-07-18 00:00:00,,-80,Hanneloor Heynderickx,0000-0002-5611-837X,NA,NA,NA,Y,NA,NA,NA,NA,NA,NA,,,,EMOBON_BPNS_Ha_111
ARMS_BelgiumCoast_20240718_20250611_MF500_Blank,EMOBON metagenome  sample from station BPNS. ARMS deployed on 2023-10-23 collected on 2024-07-18. Size fraction MF500um,256318,metagenome,metagenome,cotton swab [OBI:0002821],autonomous reef monitoring structure [ENVO:01001855],2023-10-23 00:00:00,2024-07-18 00:00:00,Blank,,Yes,DESS,Hanneloor Heynderickx,0000-0002-5611-837X,26,Blank_1,,MF,500,,,,2024-07-18 00:00:00,,-80,Hanneloor Heynderickx,0000-0002-5611-837X,NA,NA,NA,Y,NA,NA,NA,NA,NA,NA,,,,EMOBON_BPNS_Ha_112
,,,,,,,,,,,,,,,,,,,,,,,,,,,,,,,,,,,,,,,,,EMOBON_BPNS_Ha_113
,,,,,,,,,,,,,,,,,,,,,,,,,,,,,,,,,,,,,,,,,EMOBON_BPNS_Ha_114
,,,,,,,,,,,,,,,,,,,,,,,,,,,,,,,,,,,,,,,,,EMOBON_BPNS_Ha_115
,,,,,,,,,,,,,,,,,,,,,,,,,,,,,,,,,,,,,,,,,EMOBON_BPNS_Ha_116
,,,,,,,,,,,,,,,,,,,,,,,,,,,,,,,,,,,,,,,,,EMOBON_BPNS_Ha_117
,,,,,,,,,,,,,,,,,,,,,,,,,,,,,,,,,,,,,,,,,EMOBON_BPNS_Ha_118
,,,,,,,,,,,,,,,,,,,,,,,,,,,,,,,,,,,,,,,,,EMOBON_BPNS_Ha_119
,,,,,,,,,,,,,,,,,,,,,,,,,,,,,,,,,,,,,,,,,EMOBON_BPNS_Ha_120
,,,,,,,,,,,,,,,,,,,,,,,,,,,,,,,,,,,,,,,,,EMOBON_BPNS_Ha_121
,,,,,,,,,,,,,,,,,,,,,,,,,,,,,,,,,,,,,,,,,EMOBON_BPNS_Ha_122
,,,,,,,,,,,,,,,,,,,,,,,,,,,,,,,,,,,,,,,,,EMOBON_BPNS_Ha_123
,,,,,,,,,,,,,,,,,,,,,,,,,,,,,,,,,,,,,,,,,EMOBON_BPNS_Ha_124
,,,,,,,,,,,,,,,,,,,,,,,,,,,,,,,,,,,,,,,,,EMOBON_BPNS_Ha_125
,,,,,,,,,,,,,,,,,,,,,,,,,,,,,,,,,,,,,,,,,EMOBON_BPNS_Ha_126
,,,,,,,,,,,,,,,,,,,,,,,,,,,,,,,,,,,,,,,,,EMOBON_BPNS_Ha_127
,,,,,,,,,,,,,,,,,,,,,,,,,,,,,,,,,,,,,,,,,EMOBON_BPNS_Ha_128
,,,,,,,,,,,,,,,,,,,,,,,,,,,,,,,,,,,,,,,,,EMOBON_BPNS_Ha_129
,,,,,,,,,,,,,,,,,,,,,,,,,,,,,,,,,,,,,,,,,EMOBON_BPNS_Ha_130
,,,,,,,,,,,,,,,,,,,,,,,,,,,,,,,,,,,,,,,,,EMOBON_BPNS_Ha_131
,,,,,,,,,,,,,,,,,,,,,,,,,,,,,,,,,,,,,,,,,EMOBON_BPNS_Ha_132
,,,,,,,,,,,,,,,,,,,,,,,,,,,,,,,,,,,,,,,,,EMOBON_BPNS_Ha_133
,,,,,,,,,,,,,,,,,,,,,,,,,,,,,,,,,,,,,,,,,EMOBON_BPNS_Ha_134
,,,,,,,,,,,,,,,,,,,,,,,,,,,,,,,,,,,,,,,,,EMOBON_BPNS_Ha_135
,,,,,,,,,,,,,,,,,,,,,,,,,,,,,,,,,,,,,,,,,EMOBON_BPNS_Ha_136
,,,,,,,,,,,,,,,,,,,,,,,,,,,,,,,,,,,,,,,,,EMOBON_BPNS_Ha_137
,,,,,,,,,,,,,,,,,,,,,,,,,,,,,,,,,,,,,,,,,EMOBON_BPNS_Ha_138
,,,,,,,,,,,,,,,,,,,,,,,,,,,,,,,,,,,,,,,,,EMOBON_BPNS_Ha_139
,,,,,,,,,,,,,,,,,,,,,,,,,,,,,,,,,,,,,,,,,EMOBON_BPNS_Ha_140
,,,,,,,,,,,,,,,,,,,,,,,,,,,,,,,,,,,,,,,,,EMOBON_BPNS_Ha_141
,,,,,,,,,,,,,,,,,,,,,,,,,,,,,,,,,,,,,,,,,EMOBON_BPNS_Ha_142
,,,,,,,,,,,,,,,,,,,,,,,,,,,,,,,,,,,,,,,,,EMOBON_BPNS_Ha_143
,,,,,,,,,,,,,,,,,,,,,,,,,,,,,,,,,,,,,,,,,EMOBON_BPNS_Ha_144
,,,,,,,,,,,,,,,,,,,,,,,,,,,,,,,,,,,,,,,,,EMOBON_BPNS_Ha_145
,,,,,,,,,,,,,,,,,,,,,,,,,,,,,,,,,,,,,,,,,EMOBON_BPNS_Ha_146
,,,,,,,,,,,,,,,,,,,,,,,,,,,,,,,,,,,,,,,,,EMOBON_BPNS_Ha_147
,,,,,,,,,,,,,,,,,,,,,,,,,,,,,,,,,,,,,,,,,EMOBON_BPNS_Ha_148
,,,,,,,,,,,,,,,,,,,,,,,,,,,,,,,,,,,,,,,,,EMOBON_BPNS_Ha_149
,,,,,,,,,,,,,,,,,,,,,,,,,,,,,,,,,,,,,,,,,EMOBON_BPNS_Ha_150
,,,,,,,,,,,,,,,,,,,,,,,,,,,,,,,,,,,,,,,,,EMOBON_BPNS_Ha_151
,,,,,,,,,,,,,,,,,,,,,,,,,,,,,,,,,,,,,,,,,EMOBON_BPNS_Ha_152
,,,,,,,,,,,,,,,,,,,,,,,,,,,,,,,,,,,,,,,,,EMOBON_BPNS_Ha_153
,,,,,,,,,,,,,,,,,,,,,,,,,,,,,,,,,,,,,,,,,EMOBON_BPNS_Ha_154
,,,,,,,,,,,,,,,,,,,,,,,,,,,,,,,,,,,,,,,,,EMOBON_BPNS_Ha_155
,,,,,,,,,,,,,,,,,,,,,,,,,,,,,,,,,,,,,,,,,EMOBON_BPNS_Ha_156
,,,,,,,,,,,,,,,,,,,,,,,,,,,,,,,,,,,,,,,,,EMOBON_BPNS_Ha_157
,,,,,,,,,,,,,,,,,,,,,,,,,,,,,,,,,,,,,,,,,EMOBON_BPNS_Ha_158
,,,,,,,,,,,,,,,,,,,,,,,,,,,,,,,,,,,,,,,,,EMOBON_BPNS_Ha_159
,,,,,,,,,,,,,,,,,,,,,,,,,,,,,,,,,,,,,,,,,EMOBON_BPNS_Ha_160
,,,,,,,,,,,,,,,,,,,,,,,,,,,,,,,,,,,,,,,,,EMOBON_BPNS_Ha_161
,,,,,,,,,,,,,,,,,,,,,,,,,,,,,,,,,,,,,,,,,EMOBON_BPNS_Ha_162
,,,,,,,,,,,,,,,,,,,,,,,,,,,,,,,,,,,,,,,,,EMOBON_BPNS_Ha_163
,,,,,,,,,,,,,,,,,,,,,,,,,,,,,,,,,,,,,,,,,EMOBON_BPNS_Ha_164
,,,,,,,,,,,,,,,,,,,,,,,,,,,,,,,,,,,,,,,,,EMOBON_BPNS_Ha_165
,,,,,,,,,,,,,,,,,,,,,,,,,,,,,,,,,,,,,,,,,EMOBON_BPNS_Ha_166
,,,,,,,,,,,,,,,,,,,,,,,,,,,,,,,,,,,,,,,,,EMOBON_BPNS_Ha_167
,,,,,,,,,,,,,,,,,,,,,,,,,,,,,,,,,,,,,,,,,EMOBON_BPNS_Ha_168
,,,,,,,,,,,,,,,,,,,,,,,,,,,,,,,,,,,,,,,,,EMOBON_BPNS_Ha_169
,,,,,,,,,,,,,,,,,,,,,,,,,,,,,,,,,,,,,,,,,EMOBON_BPNS_Ha_170
,,,,,,,,,,,,,,,,,,,,,,,,,,,,,,,,,,,,,,,,,EMOBON_BPNS_Ha_171
,,,,,,,,,,,,,,,,,,,,,,,,,,,,,,,,,,,,,,,,,EMOBON_BPNS_Ha_172
,,,,,,,,,,,,,,,,,,,,,,,,,,,,,,,,,,,,,,,,,EMOBON_BPNS_Ha_173
,,,,,,,,,,,,,,,,,,,,,,,,,,,,,,,,,,,,,,,,,EMOBON_BPNS_Ha_174
,,,,,,,,,,,,,,,,,,,,,,,,,,,,,,,,,,,,,,,,,EMOBON_BPNS_Ha_175
,,,,,,,,,,,,,,,,,,,,,,,,,,,,,,,,,,,,,,,,,EMOBON_BPNS_Ha_176
,,,,,,,,,,,,,,,,,,,,,,,,,,,,,,,,,,,,,,,,,EMOBON_BPNS_Ha_177
,,,,,,,,,,,,,,,,,,,,,,,,,,,,,,,,,,,,,,,,,EMOBON_BPNS_Ha_178
,,,,,,,,,,,,,,,,,,,,,,,,,,,,,,,,,,,,,,,,,EMOBON_BPNS_Ha_179
,,,,,,,,,,,,,,,,,,,,,,,,,,,,,,,,,,,,,,,,,EMOBON_BPNS_Ha_180
,,,,,,,,,,,,,,,,,,,,,,,,,,,,,,,,,,,,,,,,,EMOBON_BPNS_Ha_181
,,,,,,,,,,,,,,,,,,,,,,,,,,,,,,,,,,,,,,,,,EMOBON_BPNS_Ha_182
,,,,,,,,,,,,,,,,,,,,,,,,,,,,,,,,,,,,,,,,,EMOBON_BPNS_Ha_183
,,,,,,,,,,,,,,,,,,,,,,,,,,,,,,,,,,,,,,,,,EMOBON_BPNS_Ha_184
,,,,,,,,,,,,,,,,,,,,,,,,,,,,,,,,,,,,,,,,,EMOBON_BPNS_Ha_185
,,,,,,,,,,,,,,,,,,,,,,,,,,,,,,,,,,,,,,,,,EMOBON_BPNS_Ha_186
,,,,,,,,,,,,,,,,,,,,,,,,,,,,,,,,,,,,,,,,,EMOBON_BPNS_Ha_187
,,,,,,,,,,,,,,,,,,,,,,,,,,,,,,,,,,,,,,,,,EMOBON_BPNS_Ha_188
,,,,,,,,,,,,,,,,,,,,,,,,,,,,,,,,,,,,,,,,,EMOBON_BPNS_Ha_189
,,,,,,,,,,,,,,,,,,,,,,,,,,,,,,,,,,,,,,,,,EMOBON_BPNS_Ha_190
,,,,,,,,,,,,,,,,,,,,,,,,,,,,,,,,,,,,,,,,,EMOBON_BPNS_Ha_191
,,,,,,,,,,,,,,,,,,,,,,,,,,,,,,,,,,,,,,,,,EMOBON_BPNS_Ha_192
,,,,,,,,,,,,,,,,,,,,,,,,,,,,,,,,,,,,,,,,,EMOBON_BPNS_Ha_193
,,,,,,,,,,,,,,,,,,,,,,,,,,,,,,,,,,,,,,,,,EMOBON_BPNS_Ha_194
,,,,,,,,,,,,,,,,,,,,,,,,,,,,,,,,,,,,,,,,,EMOBON_BPNS_Ha_195
,,,,,,,,,,,,,,,,,,,,,,,,,,,,,,,,,,,,,,,,,EMOBON_BPNS_Ha_196
,,,,,,,,,,,,,,,,,,,,,,,,,,,,,,,,,,,,,,,,,EMOBON_BPNS_Ha_197
,,,,,,,,,,,,,,,,,,,,,,,,,,,,,,,,,,,,,,,,,EMOBON_BPNS_Ha_198
,,,,,,,,,,,,,,,,,,,,,,,,,,,,,,,,,,,,,,,,,EMOBON_BPNS_Ha_199
,,,,,,,,,,,,,,,,,,,,,,,,,,,,,,,,,,,,,,,,,EMOBON_BPNS_Ha_200
,,,,,,,,,,,,,,,,,,,,,,,,,,,,,,,,,,,,,,,,,EMOBON_BPNS_Ha_201
,,,,,,,,,,,,,,,,,,,,,,,,,,,,,,,,,,,,,,,,,EMOBON_BPNS_Ha_202
,,,,,,,,,,,,,,,,,,,,,,,,,,,,,,,,,,,,,,,,,EMOBON_BPNS_Ha_203
,,,,,,,,,,,,,,,,,,,,,,,,,,,,,,,,,,,,,,,,,EMOBON_BPNS_Ha_204
,,,,,,,,,,,,,,,,,,,,,,,,,,,,,,,,,,,,,,,,,EMOBON_BPNS_Ha_205
,,,,,,,,,,,,,,,,,,,,,,,,,,,,,,,,,,,,,,,,,EMOBON_BPNS_Ha_206
,,,,,,,,,,,,,,,,,,,,,,,,,,,,,,,,,,,,,,,,,EMOBON_BPNS_Ha_207
,,,,,,,,,,,,,,,,,,,,,,,,,,,,,,,,,,,,,,,,,EMOBON_BPNS_Ha_208
,,,,,,,,,,,,,,,,,,,,,,,,,,,,,,,,,,,,,,,,,EMOBON_BPNS_Ha_209
,,,,,,,,,,,,,,,,,,,,,,,,,,,,,,,,,,,,,,,,,EMOBON_BPNS_Ha_210
,,,,,,,,,,,,,,,,,,,,,,,,,,,,,,,,,,,,,,,,,EMOBON_BPNS_Ha_211
,,,,,,,,,,,,,,,,,,,,,,,,,,,,,,,,,,,,,,,,,EMOBON_BPNS_Ha_212
,,,,,,,,,,,,,,,,,,,,,,,,,,,,,,,,,,,,,,,,,EMOBON_BPNS_Ha_213
,,,,,,,,,,,,,,,,,,,,,,,,,,,,,,,,,,,,,,,,,EMOBON_BPNS_Ha_214
,,,,,,,,,,,,,,,,,,,,,,,,,,,,,,,,,,,,,,,,,EMOBON_BPNS_Ha_215
,,,,,,,,,,,,,,,,,,,,,,,,,,,,,,,,,,,,,,,,,EMOBON_BPNS_Ha_216
,,,,,,,,,,,,,,,,,,,,,,,,,,,,,,,,,,,,,,,,,EMOBON_BPNS_Ha_217
,,,,,,,,,,,,,,,,,,,,,,,,,,,,,,,,,,,,,,,,,EMOBON_BPNS_Ha_218
,,,,,,,,,,,,,,,,,,,,,,,,,,,,,,,,,,,,,,,,,EMOBON_BPNS_Ha_219
,,,,,,,,,,,,,,,,,,,,,,,,,,,,,,,,,,,,,,,,,EMOBON_BPNS_Ha_220
,,,,,,,,,,,,,,,,,,,,,,,,,,,,,,,,,,,,,,,,,EMOBON_BPNS_Ha_221
,,,,,,,,,,,,,,,,,,,,,,,,,,,,,,,,,,,,,,,,,EMOBON_BPNS_Ha_222
,,,,,,,,,,,,,,,,,,,,,,,,,,,,,,,,,,,,,,,,,EMOBON_BPNS_Ha_223
,,,,,,,,,,,,,,,,,,,,,,,,,,,,,,,,,,,,,,,,,EMOBON_BPNS_Ha_224
,,,,,,,,,,,,,,,,,,,,,,,,,,,,,,,,,,,,,,,,,EMOBON_BPNS_Ha_225
,,,,,,,,,,,,,,,,,,,,,,,,,,,,,,,,,,,,,,,,,EMOBON_BPNS_Ha_226
,,,,,,,,,,,,,,,,,,,,,,,,,,,,,,,,,,,,,,,,,EMOBON_BPNS_Ha_227
,,,,,,,,,,,,,,,,,,,,,,,,,,,,,,,,,,,,,,,,,EMOBON_BPNS_Ha_228
,,,,,,,,,,,,,,,,,,,,,,,,,,,,,,,,,,,,,,,,,EMOBON_BPNS_Ha_229
,,,,,,,,,,,,,,,,,,,,,,,,,,,,,,,,,,,,,,,,,EMOBON_BPNS_Ha_230
,,,,,,,,,,,,,,,,,,,,,,,,,,,,,,,,,,,,,,,,,EMOBON_BPNS_Ha_231
,,,,,,,,,,,,,,,,,,,,,,,,,,,,,,,,,,,,,,,,,EMOBON_BPNS_Ha_232
,,,,,,,,,,,,,,,,,,,,,,,,,,,,,,,,,,,,,,,,,EMOBON_BPNS_Ha_233
,,,,,,,,,,,,,,,,,,,,,,,,,,,,,,,,,,,,,,,,,EMOBON_BPNS_Ha_234
,,,,,,,,,,,,,,,,,,,,,,,,,,,,,,,,,,,,,,,,,EMOBON_BPNS_Ha_235
,,,,,,,,,,,,,,,,,,,,,,,,,,,,,,,,,,,,,,,,,EMOBON_BPNS_Ha_236
,,,,,,,,,,,,,,,,,,,,,,,,,,,,,,,,,,,,,,,,,EMOBON_BPNS_Ha_237
,,,,,,,,,,,,,,,,,,,,,,,,,,,,,,,,,,,,,,,,,EMOBON_BPNS_Ha_238
,,,,,,,,,,,,,,,,,,,,,,,,,,,,,,,,,,,,,,,,,EMOBON_BPNS_Ha_239
,,,,,,,,,,,,,,,,,,,,,,,,,,,,,,,,,,,,,,,,,EMOBON_BPNS_Ha_240
,,,,,,,,,,,,,,,,,,,,,,,,,,,,,,,,,,,,,,,,,EMOBON_BPNS_Ha_241
,,,,,,,,,,,,,,,,,,,,,,,,,,,,,,,,,,,,,,,,,EMOBON_BPNS_Ha_242
,,,,,,,,,,,,,,,,,,,,,,,,,,,,,,,,,,,,,,,,,EMOBON_BPNS_Ha_243
,,,,,,,,,,,,,,,,,,,,,,,,,,,,,,,,,,,,,,,,,EMOBON_BPNS_Ha_244
,,,,,,,,,,,,,,,,,,,,,,,,,,,,,,,,,,,,,,,,,EMOBON_BPNS_Ha_245
,,,,,,,,,,,,,,,,,,,,,,,,,,,,,,,,,,,,,,,,,EMOBON_BPNS_Ha_246
,,,,,,,,,,,,,,,,,,,,,,,,,,,,,,,,,,,,,,,,,EMOBON_BPNS_Ha_247
,,,,,,,,,,,,,,,,,,,,,,,,,,,,,,,,,,,,,,,,,EMOBON_BPNS_Ha_248
,,,,,,,,,,,,,,,,,,,,,,,,,,,,,,,,,,,,,,,,,EMOBON_BPNS_Ha_249
,,,,,,,,,,,,,,,,,,,,,,,,,,,,,,,,,,,,,,,,,EMOBON_BPNS_Ha_250
