source_mat_id_orig,samp_description,tax_id,scientific_name,investigation_type,env_material,collection_date,sampling_event,sampl_person,sampl_person_orcid,tidal_stage,noteworthy_env_cond,depth,replicate,samp_size_vol,time_fi,size_frac,size_frac_low,size_frac_up,membr_cut,samp_collect_device,samp_mat_process,samp_mat_process_dev,samp_store_date,samp_store_loc,samp_store_temp,store_person,store_person_orcid,other_person,other_person_orcid,long_store,ship_date,arr_date_hq,store_temp_hq,ship_date_seq,arr_date_seq,seq_batch,failure,failure_comment,ENA_accession_number_sample,source_mat_id
EMOBON 210701 330 WaSOP1 3um R1,EMOBON metagenome water sample from station TestObs collected on 2021-13-32 size fraction 3-200um,1874687,marine plankton metagenome,metagenome,seawater [ENVO:00002149]; coastal sea water [ENVO:00002150]; surface water [ENVO:00002042],2021-13-32,BPNS_Wa_210701,Sander Delacauw,https://orcid.org/0000-0002-5400-2891,NA, ,20.54,1,10,0.2,3-200,300,200,YES,Niskin Bottle,WaSOP1,Since the pump and the filtration units had not yet arrived 20L of water was taken and frozen. These were filtered 8 weeks later.,2021-07-01 14:00:00,MSO LifeWatch Lab -80 Freezer,-80,Sander Delacauw,0000-0002-5400-2891,Rune Lagaisse,0000-0001-9191-9140,N,2021-10-05 00:00:00,2021-10-08 00:00:00,-70,2021-11-24 00:00:00,2021-11-24 00:00:00,batch_1,NA,"seawater was frozen; a month later when the filter holders arrived, seawater was brought to RT and filtered",ERS16590011,EMOBON_BPNS_Wa_1
EMOBON 210701 330 WaSOP1 3um R2,EMOBON metagenome water sample from station TestObs collected on 2021-07-01 size fraction 3-200um,1874687,marine plankton metagenome,metagenome,seawater ENVO:00002149,2021-07-01 00:00:00,BPNS_Wa_210701,Sander Delacauw,https://orcid.org/0000-0002-5400-2891,NA, ,20.54,2,10,0.2,3-200,300,200,yes,Niskin Bottle,WaSOP1,Since the pump and the filtration units had not yet arrived 20L of water was taken and frozen. These were filtered 8 weeks later.,2021-07-01 14:00:00,MSO LifeWatch Lab -80 Freezer,-80,Sander Delacauw,0000-0002-5400-2891,Rune Lagaisse,0000-0001-9191-9140,N,2021-10-05 00:00:00,2021-10-08 00:00:00,-70,2021-11-24 00:00:00,2021-11-24 00:00:00,batch_1,NA,"seawater was frozen; a month later when the filter holders arrived, seawater was brought to RT and filtered",ERS16590012,EMOBON_BPNS_Wa_2
EMOBON 210701 330 WaSOP1 3um R3,EMOBON metagenome water sample from station TestObs collected on 2021-07-01 size fraction 3-200um,1874687,marine plankton metagenome,metagenome,seawater [ENVO:00002149],2021-07-01 00:00:00,BPNS_Wa_210701,Sander Delacauw,https://orcid.org/0000-0002-5400-2891,ebb_tide, ,20.54,3,10,0.2,3-200,300,200,No,Niskin Bottle,WaSOP1,Since the pump and the filtration units had not yet arrived 20L of water was taken and frozen. These were filtered 8 weeks later.,2021-07-01 14:00:00,MSO LifeWatch Lab -80 Freezer,-80,Sander Delacauw,0000-0002-5400-2891,Rune Lagaisse,0000-0001-9191-9140,Y,NA,NA,NA,NA,NA,NA,NA,NA,NA,EMOBON_BPNS_Wa_3
EMOBON 210701 330 WaSOP1 3um R4,EMOBON metagenome water sample from station TestObs collected on 2021-07-01 size fraction 3-200um,1874687,marine plankton metagenome,metagenome,seawater [ENVO:00002149]; coastal sea water [ENVO:00002150]; surface water [ENVO:00002042],2021-07-01 00:00:00,BPNS_Wa_210701,Sander Delacauw,https://orcid.org/0000-0002-5400,ebb_tide, ,20.54,4,10,0.2,3-200,3,200,NO,Niskin Bottle,WaSOP1,Since the pump and the filtration units had not yet arrived 20L of water was taken and frozen. These were filtered 8 weeks later.,2021-07-01 14:00:00,MSO LifeWatch Lab -80 Freezer,-80,Sander Delacauw,0000-0002-5400-2891,Rune Lagaisse,0000-0001-9191-9140,Y,NA,NA,NA,NA,NA,NA,NA,NA,NA,EMOBON_BPNS_Wa_4
EMOBON 210701 330 WaSOP1 3um Blank,EMOBON metagenome water sample from station TestObs collected on 2021-07-01 size fraction 3-200um,256318,metagenome,metagenome,MilliQ water [ENVO:00003000],2021-07-01 00:00:00,BPNS_Wa_210701,Sander Delacauw,0000-0002-5400-0000,NA, ,NA,blank_1,10,0.033333,3-200,3,200,F,NA,WaSOP1,Since the pump and the filtration units had not yet arrived 20L of water was taken and frozen. These were filtered 8 weeks later.,2021-07-01 14:00:00,MSO LifeWatch Lab -80 Freezer,-80,Sander Delacauw,0000-0002-5400-2891,Rune Lagaisse,0000-0001-9191-9140,Y,NA,NA,NA,NA,NA,NA,NA,NA,NA,EMOBON_BPNS_Wa_5
EMOBON 210701 330 WaSOP1 0.2um R2,EMOBON metagenome water sample from station TestObs collected on 2021-07-01 size fraction 0.2-3um,1874687,marine plankton metagenome,metagenome,seawater [ENVO:00002149]; coastal sea water [ENVO:00002150]; surface water [ENVO:00002042],2021-07-01 00:00:00,BPNS_Wa_210701,Sander Delacauw,0000-0002-5400-2891,ebb_tide, ,20.54,2,10,0.2,0.2-3,"0,2",3,T,Niskin Bottle,WaSOP1,Since the pump and the filtration units had not yet arrived 20L of water was taken and frozen. These were filtered 8 weeks later.,2021-07-01 14:00:00,MSO LifeWatch Lab -80 Freezer,-80,Sander Delacauw,0000-0002-5400-2891,Rune Lagaisse,0000-0001-9191-9140,N,2021-10-05 00:00:00,2021-10-08 00:00:00,-70,2021-11-24 00:00:00,2021-11-24 00:00:00,batch_1,NA,"seawater was frozen; a month later when the filter holders arrived, seawater was brought to RT and filtered; there is a small chance that the reads generated for R1 might be for R2 and vice versa.",ERS16590014,EMOBON_BPNS_Wa_6
EMOBON 210701 330 WaSOP1 0.2um R1,EMOBON metagenome water sample from station TestObs collected on 2021-07-01 size fraction 0.2-3um,1874687,marine plankton metagenome,metagenome,seawater [ENVO:00002149]; coastal sea water [ENVO:00002150]; surface water [ENVO:00002042],2021-07-01 00:00:00,BPNS_Wa_210701,Sander Delacauw,0000-0002-5400-2891,ebb_tide, ,20.54,1,10,0.2,0.2-3,"0,2",3,True,Niskin Bottle,WaSOP1,Since the pump and the filtration units had not yet arrived 20L of water was taken and frozen. These were filtered 8 weeks later.,2021-07-01 14:00:00,MSO LifeWatch Lab -80 Freezer,-80,Sander Delacauw,0000-0002-5400-2891,Rune Lagaisse,0000-0001-9191-9140,N,2021-10-05 00:00:00,2021-10-08 00:00:00,-70,2021-11-24 00:00:00,2021-11-24 00:00:00,batch_1,NA,"seawater was frozen; a month later when the filter holders arrived, seawater was brought to RT and filtered; there is a small chance that the reads generated for R1 might be for R2 and vice versa.",ERS16590013,EMOBON_BPNS_Wa_7
EMOBON 210701 330 WaSOP1 0.2um R3,EMOBON metagenome water sample from station TestObs collected on 2021-07-01 size fraction 0.2-3um,1874687,marine plankton metagenome,metagenome,seawater [ENVO:00002149]; coastal sea water [ENVO:00002150]; surface water [ENVO:00002042],2021-07-01 00:00:00,BPNS_Wa_210701,Sander Delacauw,0000-0002-5400-2891,ebb_tide, ,20.54,3,10,0.2,0.2-3,"0,2",3,False,Niskin Bottle,WaSOP1,Since the pump and the filtration units had not yet arrived 20L of water was taken and frozen. These were filtered 8 weeks later.,2021-07-01 14:00:00,MSO LifeWatch Lab -80 Freezer,-80,Sander Delacauw,0000-0002-5400-2891,Rune Lagaisse,0000-0001-9191-9140,Y,NA,NA,NA,NA,NA,NA,NA,NA,NA,EMOBON_BPNS_Wa_8
EMOBON 210701 330 WaSOP1 0.2um R4,EMOBON metagenome water sample from station TestObs collected on 2021-07-01 size fraction 0.2-3um,1874687,marine plankton metagenome,metagenome,seawater [ENVO:00002149]; coastal sea water [ENVO:00002150]; surface water [ENVO:00002042],2021-07-01 00:00:00,BPNS_Wa_210701,Sander Delacauw,0000-0002-5400-2891,ebb_tide, ,20.54,4,10,0.2,0.2-3,"0,2",3,Y,Niskin Bottle,WaSOP1,Since the pump and the filtration units had not yet arrived 20L of water was taken and frozen. These were filtered 8 weeks later.,2021-07-01 14:00:00,MSO LifeWatch Lab -80 Freezer,-80,Sander Delacauw,0000-0002-5400-2891,Rune Lagaisse,0000-0001-9191-9140,Y,NA,NA,NA,NA,NA,NA,NA,NA,NA,EMOBON_DF _Wa_9
EMOBON 210701 330 WaSOP1 0.2um Blank,EMOBON metagenome water sample from station TestObs collected on 2021-07-01 size fraction 0.2-3um,256318,metagenome,metagenome,MilliQ water [ENVO:00003065],2021-07-01 00:00:00,BPNS_Wa_210701,Sander Delacauw,0000-0002-5400-2891,NA, ,NA,blank_1,10,0.033333,0.2-3,"0,2",3,N,NA,WaSOP1,Since the pump and the filtration units had not yet arrived 20L of water was taken and frozen. These were filtered 8 weeks later.,2021-07-01 14:00:00,MSO LifeWatch Lab -80 Freezer,-80,Sander Delacauw,0000-0002-5400-2891,Rune Lagaisse,0000-0001-9191-9140,Y,NA,NA,NA,NA,NA,NA,NA,NA,NA,EMO-BON BPNS Wa_10
EMOBON 210701 330 WaSOP2 20um R1,EMOBON metagenome water sample from station TestObs collected on 2021-07-01 size fraction 20um,1874687,marine plankton metagenome,metagenome,seawater [ENVO:00002149]; coastal sea water [ENVO:00002150],2021-07-01 00:00:00,BPNS_Wa_210701,Sander Delacauw,0000-0002-5400-2891,ebb_tide, ,20.54,1,0.25,0.166667,20,20,NA,N,Apstein,WaSOP2,NA,2021-07-01 14:00:00,MSO LifeWatch Lab -80 Freezer,-80,Sander Delacauw,0000-0002-5400-2891,Rune Lagaisse,0000-0001-9191-9140,Y,NA,NA,NA,NA,NA,NA,NA,NA,NA,EMOBON_BPNS_Wa_11
EMOBON 210701 330 WaSOP2 20um R2,EMOBON metagenome water sample from station TestObs collected on 2021-07-01 size fraction 20um,1874687,marine plankton metagenome,metagenome,seawater [ENVO:00002149]; coastal sea water [ENVO:00002150],2021-07-01 00:00:00,BPNS_Wa_210701,Sander Delacauw,0000-0002-5400-2891,ebb_tide, ,20.54,2,0.25,0.166667,20,20,NA,N,Apstein,WaSOP2,NA,2021-07-01 14:00:00,MSO LifeWatch Lab -80 Freezer,-80,Sander Delacauw,0000-0002-5400-2891,Rune Lagaisse,0000-0001-9191-9140,Y,NA,NA,NA,NA,NA,NA,NA,NA,NA,EMOBON_BPNS_Wa_12
EMOBON 210701 330 WaSOP2 20um R3,EMOBON metagenome water sample from station TestObs collected on 2021-07-01 size fraction 20um,1874687,marine plankton metagenome,metagenome,seawater [ENVO:00002149]; coastal sea water [ENVO:00002150],2021-07-01 00:00:00,BPNS_Wa_210701,Sander Delacauw,0000-0002-5400-2891,ebb_tide, ,20.54,3,0.25,0.166667,20,20,NA,N,Apstein,WaSOP2,NA,2021-07-01 14:00:00,MSO LifeWatch Lab -80 Freezer,-80,Sander Delacauw,0000-0002-5400-2891,Rune Lagaisse,0000-0001-9191-9140,Y,NA,NA,NA,NA,NA,NA,NA,NA,NA,EMOBON_BPNS_Wa_13
EMOBON 210701 330 WaSOP2 20um R4,EMOBON metagenome water sample from station TestObs collected on 2021-07-01 size fraction 20um,1874687,marine plankton metagenome,metagenome,seawater [ENVO:00002149]; coastal sea water [ENVO:00002150],2021-07-01 00:00:00,BPNS_Wa_210701,Sander Delacauw,0000-0002-5400-2891,ebb_tide, ,20.54,4,0.25,0.166667,20,20,NA,N,Apstein,WaSOP2,NA,2021-07-01 14:00:00,MSO LifeWatch Lab -80 Freezer,-80,Sander Delacauw,0000-0002-5400-2891,Rune Lagaisse,0000-0001-9191-9140,Y,NA,NA,NA,NA,NA,NA,NA,NA,NA,EMOBON_BPNS_Wa_14
EMOBON 210701 330 WaSOP2 20um Blank,EMOBON metagenome water sample from station TestObs collected on 2021-07-01 size fraction 20um,256318,metagenome,metagenome,MilliQ water [ENVO:00003065],2021-07-01 00:00:00,BPNS_Wa_210701,Sander Delacauw,0000-0002-5400-2891,NA, ,NA,blank_1,0.25,0.133333,20,20,NA,N,NA,WaSOP2,NA,2021-07-01 14:00:00,MSO LifeWatch Lab -80 Freezer,-80,Sander Delacauw,0000-0002-5400-2891,Rune Lagaisse,0000-0001-9191-9140,Y,NA,NA,NA,NA,NA,NA,NA,NA,NA,EMOBON_BPNS_Wa_15
EMOBON 210701 330 WaSOP3 200um R1,EMOBON metagenome water sample from station TestObs collected on 2021-07-01 size fraction 200um,1874687,marine plankton metagenome,metagenome,seawater [ENVO:00002149]; coastal sea water [ENVO:00002150],2021-07-01 00:00:00,BPNS_Wa_210701,Sander Delacauw,0000-0002-5400-2891,ebb_tide, ,20.54,1,0.2,0.833333,200,200,NA,N,WP2,WaSOP3,NA,2021-07-01 14:00:00,MSO LifeWatch Lab -80 Freezer,-80,Sander Delacauw,0000-0002-5400-2891,Rune Lagaisse,0000-0001-9191-9140,Y,NA,NA,NA,NA,NA,NA,NA,NA,NA,EMOBON_BPNS_Wa_16
EMOBON 210701 330 WaSOP3 200um R2,EMOBON metagenome water sample from station TestObs collected on 2021-07-01 size fraction 200um,1874687,marine plankton metagenome,metagenome,seawater [ENVO:00002149]; coastal sea water [ENVO:00002150],2021-07-01 00:00:00,BPNS_Wa_210701,Sander Delacauw,0000-0002-5400-2891,ebb_tide, ,20.54,2,0.2,0.833333,200,200,NA,N,WP2,WaSOP3,NA,2021-07-01 14:00:00,MSO LifeWatch Lab -80 Freezer,-80,Sander Delacauw,0000-0002-5400-2891,Rune Lagaisse,0000-0001-9191-9140,Y,NA,NA,NA,NA,NA,NA,NA,NA,NA,EMOBON_BPNS_Wa_17
EMOBON 210701 330 WaSOP3 200um R3,EMOBON metagenome water sample from station TestObs collected on 2021-07-01 size fraction 200um,1874687,marine plankton metagenome,metagenome,seawater [ENVO:00002149]; coastal sea water [ENVO:00002150],2021-07-01 00:00:00,BPNS_Wa_210701,Sander Delacauw,0000-0002-5400-2891,ebb_tide, ,20.54,3,0.2,0.833333,200,200,NA,N,WP2,WaSOP3,NA,2021-07-01 14:00:00,MSO LifeWatch Lab -80 Freezer,-80,Sander Delacauw,0000-0002-5400-2891,Rune Lagaisse,0000-0001-9191-9140,Y,NA,NA,NA,NA,NA,NA,NA,NA,NA,EMOBON_BPNS_Wa_18
EMOBON 210701 330 WaSOP3 200um R4,EMOBON metagenome water sample from station TestObs collected on 2021-07-01 size fraction 200um,1874687,marine plankton metagenome,metagenome,seawater [ENVO:00002149]; coastal sea water [ENVO:00002150],2021-07-01 00:00:00,BPNS_Wa_210701,Sander Delacauw,0000-0002-5400-2891,ebb_tide, ,20.54,4,0.2,0.833333,200,200,NA,N,WP2,WaSOP3,NA,2021-07-01 14:00:00,MSO LifeWatch Lab -80 Freezer,-80,Sander Delacauw,0000-0002-5400-2891,Rune Lagaisse,0000-0001-9191-9140,Y,NA,NA,NA,NA,NA,NA,NA,NA,NA,EMOBON_BPNS_Wa_19
EMOBON 210701 330 WaSOP3 200um Blank,EMOBON metagenome water sample from station TestObs collected on 2021-07-01 size fraction 200um,256318,metagenome,metagenome,MilliQ water [ENVO:00003065],2021-07-01 00:00:00,BPNS_Wa_210701,Sander Delacauw,0000-0002-5400-2891,NA, ,NA,blank_1,0.25,0.833333,200,200,NA,N,NA,WaSOP3,NA,2021-07-01 14:00:00,MSO LifeWatch Lab -80 Freezer,-80,Sander Delacauw,0000-0002-5400-2891,Rune Lagaisse,0000-0001-9191-9140,Y,NA,NA,NA,NA,NA,NA,NA,NA,NA,EMOBON_BPNS_Wa_20
EMOBON 210825 330 WaSOP1 3um R1,EMOBON metagenome water sample from station TestObs collected on 2021-08-25 size fraction 3-200um,1874687,marine plankton metagenome,metagenome,seawater [ENVO:00002149]; coastal sea water [ENVO:00002150]; surface water [ENVO:00002042],2021-08-25 00:00:00,BPNS_Wa_210825,Sander Delacauw,0000-0002-5400-2891,ebb_tide, ,18.66,1,7,0.25,3-200,3,200,Y,Niskin Bottle,WaSOP1,NA,2021-08-25 16:00:02,MSO LifeWatch Lab -80 Freezer,-80,Sander Delacauw,0000-0002-5400-2891,Rune Lagaisse,0000-0001-9191-9140,N,2021-10-05 00:00:00,2021-10-08 00:00:00,-70,2021-11-24 00:00:00,2021-11-24 00:00:00,batch_1,F,NA,ERS16590015,EMOBON_BPNS_Wa_21
EMOBON 210825 330 WaSOP1 3um R2,EMOBON metagenome water sample from station TestObs collected on 2021-08-25 size fraction 3-200um,1874687,marine plankton metagenome,metagenome,seawater [ENVO:00002149]; coastal sea water [ENVO:00002150]; surface water [ENVO:00002042],2021-08-25 00:00:00,BPNS_Wa_210825,Sander Delacauw,0000-0002-5400-2891,ebb_tide, ,18.66,2,7,0.25,3-200,3,200,Y,Niskin Bottle,WaSOP1,NA,2021-08-25 16:00:02,MSO LifeWatch Lab -80 Freezer,-80,Sander Delacauw,0000-0002-5400-2891,Rune Lagaisse,0000-0001-9191-9140,N,2021-10-05 00:00:00,2021-10-08 00:00:00,-70,2021-11-24 00:00:00,2021-11-24 00:00:00,batch_1,F,NA,ERS16590016,EMOBON_BPNS_Wa_22
EMOBON 210825 330 WaSOP1 3um R3,EMOBON metagenome water sample from station TestObs collected on 2021-08-25 size fraction 3-200um,1874687,marine plankton metagenome,metagenome,seawater [ENVO:00002149]; coastal sea water [ENVO:00002150]; surface water [ENVO:00002042],2021-08-25 00:00:00,BPNS_Wa_210825,Sander Delacauw,0000-0002-5400-2891,ebb_tide, ,18.66,3,7,0.25,3-200,3,200,Y,Niskin Bottle,WaSOP1,NA,2021-08-25 16:00:02,MSO LifeWatch Lab -80 Freezer,-80,Sander Delacauw,0000-0002-5400-2891,Rune Lagaisse,0000-0001-9191-9140,Y,NA,NA,NA,NA,NA,NA,NA,NA,NA,EMOBON_BPNS_Wa_23
EMOBON 210825 330 WaSOP1 3um R4,EMOBON metagenome water sample from station TestObs collected on 2021-08-25 size fraction 3-200um,1874687,marine plankton metagenome,metagenome,seawater [ENVO:00002149]; coastal sea water [ENVO:00002150]; surface water [ENVO:00002042],2021-08-25 00:00:00,BPNS_Wa_210825,Sander Delacauw,0000-0002-5400-2891,ebb_tide, ,18.66,4,7,0.25,3-200,3,200,Y,Niskin Bottle,WaSOP1,NA,2021-08-25 16:00:03,MSO LifeWatch Lab -80 Freezer,-80,Sander Delacauw,0000-0002-5400-2891,Rune Lagaisse,0000-0001-9191-9140,Y,NA,NA,NA,NA,NA,NA,NA,NA,NA,EMOBON_BPNS_Wa_24
EMOBON 210825 330 WaSOP1 3um Blank,EMOBON metagenome water sample from station TestObs collected on 2021-08-25 size fraction 3-200um,256318,metagenome,metagenome,MilliQ water [ENVO:00003065],2021-08-25 00:00:00,BPNS_Wa_210825,Sander Delacauw,0000-0002-5400-2891,NA, ,NA,blank_1,7,0.033333,3-200,3,200,N,NA,WaSOP1,NA,2021-08-25 16:00:02,MSO LifeWatch Lab -80 Freezer,-80,Sander Delacauw,0000-0002-5400-2891,Rune Lagaisse,0000-0001-9191-9140,Y,NA,NA,NA,NA,NA,NA,NA,NA,NA,EMOBON_BPNS_Wa_25
EMOBON 210825 330 WaSOP1 0.2um R1,EMOBON metagenome water sample from station TestObs collected on 2021-08-25 size fraction 0.2-3um,1874687,marine plankton metagenome,metagenome,seawater [ENVO:00002149]; coastal sea water [ENVO:00002150]; surface water [ENVO:00002042],2021-08-25 00:00:00,BPNS_Wa_210825,Sander Delacauw,0000-0002-5400-2891,ebb_tide, ,18.66,1,7,0.25,0.2-3,0.2,3,Y,Niskin Bottle,WaSOP1,NA,2021-08-25 16:00:02,MSO LifeWatch Lab -80 Freezer,-80,Sander Delacauw,0000-0002-5400-2891,Rune Lagaisse,0000-0001-9191-9140,N,2021-10-05 00:00:00,2021-10-08 00:00:00,-70,2021-11-24 00:00:00,2021-11-24 00:00:00,batch_1,F,NA,ERS16590017,EMOBON_BPNS_Wa_26
EMOBON 210825 330 WaSOP1 0.2um R2,EMOBON metagenome water sample from station TestObs collected on 2021-08-25 size fraction 0.2-3um,1874687,marine plankton metagenome,metagenome,seawater [ENVO:00002149]; coastal sea water [ENVO:00002150]; surface water [ENVO:00002042],2021-08-25 00:00:00,BPNS_Wa_210825,Sander Delacauw,0000-0002-5400-2891,ebb_tide, ,18.66,2,7,0.25,0.2-3,0.2,3,Y,Niskin Bottle,WaSOP1,NA,2021-08-25 16:00:02,MSO LifeWatch Lab -80 Freezer,-80,Sander Delacauw,0000-0002-5400-2891,Rune Lagaisse,0000-0001-9191-9140,N,2021-10-05 00:00:00,2021-10-08 00:00:00,-70,2021-11-24 00:00:00,2021-11-24 00:00:00,batch_1,F,NA,ERS16590018,EMOBON_BPNS_Wa_27
EMOBON 210825 330 WaSOP1 0.2um R3,EMOBON metagenome water sample from station TestObs collected on 2021-08-25 size fraction 0.2-3um,1874687,marine plankton metagenome,metagenome,seawater [ENVO:00002149]; coastal sea water [ENVO:00002150]; surface water [ENVO:00002042],2021-08-25 00:00:00,BPNS_Wa_210825,Sander Delacauw,0000-0002-5400-2891,ebb_tide, ,18.66,3,7,0.25,0.2-3,0.2,3,Y,Niskin Bottle,WaSOP1,NA,2021-08-25 16:00:07,MSO LifeWatch Lab -80 Freezer,-80,Sander Delacauw,0000-0002-5400-2891,Rune Lagaisse,0000-0001-9191-9140,Y,NA,NA,NA,NA,NA,NA,NA,NA,NA,EMOBON_BPNS_Wa_28
EMOBON 210825 330 WaSOP1 0.2um R4,EMOBON metagenome water sample from station TestObs collected on 2021-08-25 size fraction 0.2-3um,1874687,marine plankton metagenome,metagenome,seawater [ENVO:00002149]; coastal sea water [ENVO:00002150]; surface water [ENVO:00002042],2021-08-25 00:00:00,BPNS_Wa_210825,Sander Delacauw,0000-0002-5400-2891,ebb_tide, ,18.66,4,7,0.25,0.2-3,0.2,3,Y,Niskin Bottle,WaSOP1,NA,2021-08-25 16:00:08,MSO LifeWatch Lab -80 Freezer,-80,Sander Delacauw,0000-0002-5400-2891,Rune Lagaisse,0000-0001-9191-9140,Y,NA,NA,NA,NA,NA,NA,NA,NA,NA,EMOBON_BPNS_Wa_29
EMOBON 210825 330 WaSOP1 0.2um Blank,EMOBON metagenome water sample from station TestObs collected on 2021-08-25 size fraction 0.2-3um,256318,metagenome,metagenome,MilliQ water [ENVO:00003065],2021-08-25 00:00:00,BPNS_Wa_210825,Sander Delacauw,0000-0002-5400-2891,NA, ,NA,blank_1,7,0.033333,0.2-3,0.2,3,N,NA,WaSOP1,NA,2021-08-25 16:00:02,MSO LifeWatch Lab -80 Freezer,-80,Sander Delacauw,0000-0002-5400-2891,Rune Lagaisse,0000-0001-9191-9140,Y,NA,NA,NA,NA,NA,NA,NA,NA,NA,EMOBON_BPNS_Wa_30
EMOBON 210825 330 WaSOP2 20um R1,EMOBON metagenome water sample from station TestObs collected on 2021-08-25 size fraction 20um,1874687,marine plankton metagenome,metagenome,seawater [ENVO:00002149]; coastal sea water [ENVO:00002150],2021-08-25 00:00:00,BPNS_Wa_210825,Sander Delacauw,0000-0002-5400-2891,ebb_tide, ,18.66,1,0.25,0.083333,20,20,NA,N,Apstein,WaSOP2,NA,2021-08-25 16:00:02,MSO LifeWatch Lab -80 Freezer,-80,Sander Delacauw,0000-0002-5400-2891,Rune Lagaisse,0000-0001-9191-9140,Y,NA,NA,NA,NA,NA,NA,NA,NA,NA,EMOBON_BPNS_Wa_31
EMOBON 210825 330 WaSOP2 20um R2,EMOBON metagenome water sample from station TestObs collected on 2021-08-25 size fraction 20um,1874687,marine plankton metagenome,metagenome,seawater [ENVO:00002149]; coastal sea water [ENVO:00002150],2021-08-25 00:00:00,BPNS_Wa_210825,Sander Delacauw,0000-0002-5400-2891,ebb_tide, ,18.66,2,0.25,0.083333,20,20,NA,N,Apstein,WaSOP2,NA,2021-08-25 16:00:02,MSO LifeWatch Lab -80 Freezer,-80,Sander Delacauw,0000-0002-5400-2891,Rune Lagaisse,0000-0001-9191-9140,Y,NA,NA,NA,NA,NA,NA,NA,NA,NA,EMOBON_BPNS_Wa_32
EMOBON 210825 330 WaSOP2 20um R3,EMOBON metagenome water sample from station TestObs collected on 2021-08-25 size fraction 20um,1874687,marine plankton metagenome,metagenome,seawater [ENVO:00002149]; coastal sea water [ENVO:00002150],2021-08-25 00:00:00,BPNS_Wa_210825,Sander Delacauw,0000-0002-5400-2891,ebb_tide, ,18.66,3,0.25,0.083333,20,20,NA,N,Apstein,WaSOP2,NA,2021-08-25 16:00:12,MSO LifeWatch Lab -80 Freezer,-80,Sander Delacauw,0000-0002-5400-2891,Rune Lagaisse,0000-0001-9191-9140,Y,NA,NA,NA,NA,NA,NA,NA,NA,NA,EMOBON_BPNS_Wa_33
EMOBON 210825 330 WaSOP2 20um R4,EMOBON metagenome water sample from station TestObs collected on 2021-08-25 size fraction 20um,1874687,marine plankton metagenome,metagenome,seawater [ENVO:00002149]; coastal sea water [ENVO:00002150],2021-08-25 00:00:00,BPNS_Wa_210825,Sander Delacauw,0000-0002-5400-2891,ebb_tide, ,18.66,4,0.25,0.083333,20,20,NA,N,Apstein,WaSOP2,NA,2021-08-25 16:00:13,MSO LifeWatch Lab -80 Freezer,-80,Sander Delacauw,0000-0002-5400-2891,Rune Lagaisse,0000-0001-9191-9140,Y,NA,NA,NA,NA,NA,NA,NA,NA,NA,EMOBON_BPNS_Wa_34
EMOBON 210825 330 WaSOP2 20um Blank,EMOBON metagenome water sample from station TestObs collected on 2021-08-25 size fraction 20um,256318,metagenome,metagenome,MilliQ water [ENVO:00003065],2021-08-25 00:00:00,BPNS_Wa_210825,Sander Delacauw,0000-0002-5400-2891,NA, ,NA,blank_1,0.25,0.166667,20,20,NA,N,NA,WaSOP2,NA,2021-08-25 16:00:02,MSO LifeWatch Lab -80 Freezer,-80,Sander Delacauw,0000-0002-5400-2891,Rune Lagaisse,0000-0001-9191-9140,Y,NA,NA,NA,NA,NA,NA,NA,NA,NA,EMOBON_BPNS_Wa_35
EMOBON 210825 330 WaSOP3 200um R1,EMOBON metagenome water sample from station TestObs collected on 2021-08-25 size fraction 200um,1874687,marine plankton metagenome,metagenome,seawater [ENVO:00002149]; coastal sea water [ENVO:00002150],2021-08-25 00:00:00,BPNS_Wa_210825,Sander Delacauw,0000-0002-5400-2891,ebb_tide, ,18.66,1,0.25,0.083333,200,200,NA,N,WP2,WaSOP3,NA,2021-08-25 16:00:02,MSO LifeWatch Lab -80 Freezer,-80,Sander Delacauw,0000-0002-5400-2891,Rune Lagaisse,0000-0001-9191-9140,Y,NA,NA,NA,NA,NA,NA,NA,NA,NA,EMOBON_BPNS_Wa_36
EMOBON 210825 330 WaSOP3 200um R2,EMOBON metagenome water sample from station TestObs collected on 2021-08-25 size fraction 200um,1874687,marine plankton metagenome,metagenome,seawater [ENVO:00002149]; coastal sea water [ENVO:00002150],2021-08-25 00:00:00,BPNS_Wa_210825,Sander Delacauw,0000-0002-5400-2891,ebb_tide, ,18.66,2,0.25,0.083333,200,200,NA,N,WP2,WaSOP3,NA,2021-08-25 16:00:02,MSO LifeWatch Lab -80 Freezer,-80,Sander Delacauw,0000-0002-5400-2891,Rune Lagaisse,0000-0001-9191-9140,Y,NA,NA,NA,NA,NA,NA,NA,NA,NA,EMOBON_BPNS_Wa_37
EMOBON 210825 330 WaSOP3 200um R3,EMOBON metagenome water sample from station TestObs collected on 2021-08-25 size fraction 200um,1874687,marine plankton metagenome,metagenome,seawater [ENVO:00002149]; coastal sea water [ENVO:00002150],2021-08-25 00:00:00,BPNS_Wa_210825,Sander Delacauw,0000-0002-5400-2891,ebb_tide, ,18.66,3,0.25,0.083333,200,200,NA,N,WP2,WaSOP3,NA,2021-08-25 16:00:17,MSO LifeWatch Lab -80 Freezer,-80,Sander Delacauw,0000-0002-5400-2891,Rune Lagaisse,0000-0001-9191-9140,Y,NA,NA,NA,NA,NA,NA,NA,NA,NA,EMOBON_BPNS_Wa_40
EMOBON 210825 330 WaSOP3 200um R4,EMOBON metagenome water sample from station TestObs collected on 2021-08-25 size fraction 200um,1874687,marine plankton metagenome,metagenome,seawater [ENVO:00002149]; coastal sea water [ENVO:00002150],2021-08-25 00:00:00,BPNS_Wa_210825,Sander Delacauw,0000-0002-5400-2891,ebb_tide, ,18.66,4,0.25,0.083333,200,200,NA,N,WP2,WaSOP3,NA,2021-08-25 16:00:18,MSO LifeWatch Lab -80 Freezer,-80,Sander Delacauw,0000-0002-5400-2891,Rune Lagaisse,0000-0001-9191-9140,Y,NA,NA,NA,NA,NA,NA,NA,NA,NA,EMOBON_BPNS_Wa_40
EMOBON 210825 330 WaSOP3 200um Blank,EMOBON metagenome water sample from station TestObs collected on 2021-08-25 size fraction 200um,256318,metagenome,metagenome,MilliQ water [ENVO:00003065],2021-08-25 00:00:00,BPNS_Wa_210825,Sander Delacauw,0000-0002-5400-2891,NA, ,NA,blank_1,0.25,0.166667,200,200,NA,N,NA,WaSOP3,NA,2021-08-25 16:00:02,MSO LifeWatch Lab -80 Freezer,-80,Sander Delacauw,0000-0002-5400-2891,Rune Lagaisse,0000-0001-9191-9140,Y,NA,NA,NA,NA,NA,NA,NA,NA,NA,EMOBON_BPNS_Wa_42
